sample,fastq_1,fastq_2,strandedness
SRR8615222,SRR8615222_1.fastq.gz,SRR8615222_2.fastq.gz,auto
SRR8615223,SRR8615223_1.fastq.gz,SRR8615223_2.fastq.gz,auto
SRR8615224,SRR8615224_1.fastq.gz,SRR8615224_2.fastq.gz,auto
SRR8615225,SRR8615225_1.fastq.gz,SRR8615225_2.fastq.gz,auto
SRR8615226,SRR8615226_1.fastq.gz,SRR8615226_2.fastq.gz,auto
SRR8615227,SRR8615227_1.fastq.gz,SRR8615227_2.fastq.gz,auto
SRR8615228,SRR8615228_1.fastq.gz,SRR8615228_2.fastq.gz,auto
SRR8615229,SRR8615229_1.fastq.gz,SRR8615229_2.fastq.gz,auto
SRR8615230,SRR8615230_1.fastq.gz,SRR8615230_2.fastq.gz,auto
SRR8615231,SRR8615231_1.fastq.gz,SRR8615231_2.fastq.gz,auto
SRR8615232,SRR8615232_1.fastq.gz,SRR8615232_2.fastq.gz,auto
SRR8615233,SRR8615233_1.fastq.gz,SRR8615233_2.fastq.gz,auto
SRR8615234,SRR8615234_1.fastq.gz,SRR8615234_2.fastq.gz,auto
SRR8615235,SRR8615235_1.fastq.gz,SRR8615235_2.fastq.gz,auto
SRR8615236,SRR8615236_1.fastq.gz,SRR8615236_2.fastq.gz,auto
SRR8615237,SRR8615237_1.fastq.gz,SRR8615237_2.fastq.gz,auto
SRR8615238,SRR8615238_1.fastq.gz,SRR8615238_2.fastq.gz,auto
SRR8615239,SRR8615239_1.fastq.gz,SRR8615239_2.fastq.gz,auto
SRR8615240,SRR8615240_1.fastq.gz,SRR8615240_2.fastq.gz,auto
SRR8615241,SRR8615241_1.fastq.gz,SRR8615241_2.fastq.gz,auto
SRR8615242,SRR8615242_1.fastq.gz,SRR8615242_2.fastq.gz,auto
SRR8615243,SRR8615243_1.fastq.gz,SRR8615243_2.fastq.gz,auto
SRR8615244,SRR8615244_1.fastq.gz,SRR8615244_2.fastq.gz,auto
SRR8615245,SRR8615245_1.fastq.gz,SRR8615245_2.fastq.gz,auto
SRR8615246,SRR8615246_1.fastq.gz,SRR8615246_2.fastq.gz,auto
SRR8615247,SRR8615247_1.fastq.gz,SRR8615247_2.fastq.gz,auto
SRR8615248,SRR8615248_1.fastq.gz,SRR8615248_2.fastq.gz,auto
SRR8615249,SRR8615249_1.fastq.gz,SRR8615249_2.fastq.gz,auto
SRR8615250,SRR8615250_1.fastq.gz,SRR8615250_2.fastq.gz,auto
SRR8615251,SRR8615251_1.fastq.gz,SRR8615251_2.fastq.gz,auto
SRR8615252,SRR8615252_1.fastq.gz,SRR8615252_2.fastq.gz,auto
SRR8615253,SRR8615253_1.fastq.gz,SRR8615253_2.fastq.gz,auto
SRR8615254,SRR8615254_1.fastq.gz,SRR8615254_2.fastq.gz,auto
SRR8615255,SRR8615255_1.fastq.gz,SRR8615255_2.fastq.gz,auto
SRR8615256,SRR8615256_1.fastq.gz,SRR8615256_2.fastq.gz,auto
SRR8615257,SRR8615257_1.fastq.gz,SRR8615257_2.fastq.gz,auto
SRR8615258,SRR8615258_1.fastq.gz,SRR8615258_2.fastq.gz,auto
SRR8615259,SRR8615259_1.fastq.gz,SRR8615259_2.fastq.gz,auto
SRR8615260,SRR8615260_1.fastq.gz,SRR8615260_2.fastq.gz,auto
SRR8615261,SRR8615261_1.fastq.gz,SRR8615261_2.fastq.gz,auto
SRR8615262,SRR8615262_1.fastq.gz,SRR8615262_2.fastq.gz,auto
SRR8615263,SRR8615263_1.fastq.gz,SRR8615263_2.fastq.gz,auto
SRR8615264,SRR8615264_1.fastq.gz,SRR8615264_2.fastq.gz,auto
SRR8615265,SRR8615265_1.fastq.gz,SRR8615265_2.fastq.gz,auto
SRR8615266,SRR8615266_1.fastq.gz,SRR8615266_2.fastq.gz,auto
SRR8615267,SRR8615267_1.fastq.gz,SRR8615267_2.fastq.gz,auto
SRR8615268,SRR8615268_1.fastq.gz,SRR8615268_2.fastq.gz,auto
SRR8615269,SRR8615269_1.fastq.gz,SRR8615269_2.fastq.gz,auto
SRR8615270,SRR8615270_1.fastq.gz,SRR8615270_2.fastq.gz,auto
SRR8615271,SRR8615271_1.fastq.gz,SRR8615271_2.fastq.gz,auto
SRR8615272,SRR8615272_1.fastq.gz,SRR8615272_2.fastq.gz,auto
SRR8615273,SRR8615273_1.fastq.gz,SRR8615273_2.fastq.gz,auto
SRR8615274,SRR8615274_1.fastq.gz,SRR8615274_2.fastq.gz,auto
SRR8615275,SRR8615275_1.fastq.gz,SRR8615275_2.fastq.gz,auto
SRR8615276,SRR8615276_1.fastq.gz,SRR8615276_2.fastq.gz,auto
SRR8615277,SRR8615277_1.fastq.gz,SRR8615277_2.fastq.gz,auto
SRR8615278,SRR8615278_1.fastq.gz,SRR8615278_2.fastq.gz,auto
SRR8615279,SRR8615279_1.fastq.gz,SRR8615279_2.fastq.gz,auto
SRR8615280,SRR8615280_1.fastq.gz,SRR8615280_2.fastq.gz,auto
SRR8615281,SRR8615281_1.fastq.gz,SRR8615281_2.fastq.gz,auto
SRR8615282,SRR8615282_1.fastq.gz,SRR8615282_2.fastq.gz,auto
SRR8615283,SRR8615283_1.fastq.gz,SRR8615283_2.fastq.gz,auto
SRR8615284,SRR8615284_1.fastq.gz,SRR8615284_2.fastq.gz,auto
SRR8615285,SRR8615285_1.fastq.gz,SRR8615285_2.fastq.gz,auto
SRR8615286,SRR8615286_1.fastq.gz,SRR8615286_2.fastq.gz,auto
SRR8615287,SRR8615287_1.fastq.gz,SRR8615287_2.fastq.gz,auto
SRR8615288,SRR8615288_1.fastq.gz,SRR8615288_2.fastq.gz,auto
SRR8615289,SRR8615289_1.fastq.gz,SRR8615289_2.fastq.gz,auto
SRR8615290,SRR8615290_1.fastq.gz,SRR8615290_2.fastq.gz,auto
SRR8615291,SRR8615291_1.fastq.gz,SRR8615291_2.fastq.gz,auto
SRR8615292,SRR8615292_1.fastq.gz,SRR8615292_2.fastq.gz,auto
SRR8615293,SRR8615293_1.fastq.gz,SRR8615293_2.fastq.gz,auto
SRR8615294,SRR8615294_1.fastq.gz,SRR8615294_2.fastq.gz,auto
SRR8615295,SRR8615295_1.fastq.gz,SRR8615295_2.fastq.gz,auto
SRR8615296,SRR8615296_1.fastq.gz,SRR8615296_2.fastq.gz,auto
SRR8615297,SRR8615297_1.fastq.gz,SRR8615297_2.fastq.gz,auto
SRR8615298,SRR8615298_1.fastq.gz,SRR8615298_2.fastq.gz,auto
SRR8615299,SRR8615299_1.fastq.gz,SRR8615299_2.fastq.gz,auto
SRR8615300,SRR8615300_1.fastq.gz,SRR8615300_2.fastq.gz,auto
SRR8615301,SRR8615301_1.fastq.gz,SRR8615301_2.fastq.gz,auto
SRR8615302,SRR8615302_1.fastq.gz,SRR8615302_2.fastq.gz,auto
SRR8615303,SRR8615303_1.fastq.gz,SRR8615303_2.fastq.gz,auto
SRR8615304,SRR8615304_1.fastq.gz,SRR8615304_2.fastq.gz,auto
SRR8615305,SRR8615305_1.fastq.gz,SRR8615305_2.fastq.gz,auto
SRR8615306,SRR8615306_1.fastq.gz,SRR8615306_2.fastq.gz,auto
SRR8615307,SRR8615307_1.fastq.gz,SRR8615307_2.fastq.gz,auto
SRR8615308,SRR8615308_1.fastq.gz,SRR8615308_2.fastq.gz,auto
SRR8615309,SRR8615309_1.fastq.gz,SRR8615309_2.fastq.gz,auto
SRR8615310,SRR8615310_1.fastq.gz,SRR8615310_2.fastq.gz,auto
SRR8615311,SRR8615311_1.fastq.gz,SRR8615311_2.fastq.gz,auto
SRR8615312,SRR8615312_1.fastq.gz,SRR8615312_2.fastq.gz,auto
SRR8615313,SRR8615313_1.fastq.gz,SRR8615313_2.fastq.gz,auto
SRR8615314,SRR8615314_1.fastq.gz,SRR8615314_2.fastq.gz,auto
SRR8615315,SRR8615315_1.fastq.gz,SRR8615315_2.fastq.gz,auto
SRR8615316,SRR8615316_1.fastq.gz,SRR8615316_2.fastq.gz,auto
SRR8615317,SRR8615317_1.fastq.gz,SRR8615317_2.fastq.gz,auto
SRR8615318,SRR8615318_1.fastq.gz,SRR8615318_2.fastq.gz,auto
SRR8615319,SRR8615319_1.fastq.gz,SRR8615319_2.fastq.gz,auto
SRR8615320,SRR8615320_1.fastq.gz,SRR8615320_2.fastq.gz,auto
SRR8615321,SRR8615321_1.fastq.gz,SRR8615321_2.fastq.gz,auto
SRR8615322,SRR8615322_1.fastq.gz,SRR8615322_2.fastq.gz,auto
SRR8615323,SRR8615323_1.fastq.gz,SRR8615323_2.fastq.gz,auto
SRR8615324,SRR8615324_1.fastq.gz,SRR8615324_2.fastq.gz,auto
SRR8615325,SRR8615325_1.fastq.gz,SRR8615325_2.fastq.gz,auto
SRR8615326,SRR8615326_1.fastq.gz,SRR8615326_2.fastq.gz,auto
SRR8615327,SRR8615327_1.fastq.gz,SRR8615327_2.fastq.gz,auto
SRR8615328,SRR8615328_1.fastq.gz,SRR8615328_2.fastq.gz,auto
SRR8615329,SRR8615329_1.fastq.gz,SRR8615329_2.fastq.gz,auto
SRR8615330,SRR8615330_1.fastq.gz,SRR8615330_2.fastq.gz,auto
SRR8615331,SRR8615331_1.fastq.gz,SRR8615331_2.fastq.gz,auto
SRR8615332,SRR8615332_1.fastq.gz,SRR8615332_2.fastq.gz,auto
SRR8615333,SRR8615333_1.fastq.gz,SRR8615333_2.fastq.gz,auto
SRR8615334,SRR8615334_1.fastq.gz,SRR8615334_2.fastq.gz,auto
SRR8615335,SRR8615335_1.fastq.gz,SRR8615335_2.fastq.gz,auto
SRR8615336,SRR8615336_1.fastq.gz,SRR8615336_2.fastq.gz,auto
SRR8615337,SRR8615337_1.fastq.gz,SRR8615337_2.fastq.gz,auto
SRR8615338,SRR8615338_1.fastq.gz,SRR8615338_2.fastq.gz,auto
SRR8615339,SRR8615339_1.fastq.gz,SRR8615339_2.fastq.gz,auto
SRR8615340,SRR8615340_1.fastq.gz,SRR8615340_2.fastq.gz,auto
SRR8615341,SRR8615341_1.fastq.gz,SRR8615341_2.fastq.gz,auto
SRR8615342,SRR8615342_1.fastq.gz,SRR8615342_2.fastq.gz,auto
SRR8615343,SRR8615343_1.fastq.gz,SRR8615343_2.fastq.gz,auto
SRR8615344,SRR8615344_1.fastq.gz,SRR8615344_2.fastq.gz,auto
SRR8615345,SRR8615345_1.fastq.gz,SRR8615345_2.fastq.gz,auto
SRR8615346,SRR8615346_1.fastq.gz,SRR8615346_2.fastq.gz,auto
SRR8615347,SRR8615347_1.fastq.gz,SRR8615347_2.fastq.gz,auto
SRR8615348,SRR8615348_1.fastq.gz,SRR8615348_2.fastq.gz,auto
SRR8615349,SRR8615349_1.fastq.gz,SRR8615349_2.fastq.gz,auto
SRR8615350,SRR8615350_1.fastq.gz,SRR8615350_2.fastq.gz,auto
SRR8615351,SRR8615351_1.fastq.gz,SRR8615351_2.fastq.gz,auto
SRR8615352,SRR8615352_1.fastq.gz,SRR8615352_2.fastq.gz,auto
SRR8615353,SRR8615353_1.fastq.gz,SRR8615353_2.fastq.gz,auto
SRR8615354,SRR8615354_1.fastq.gz,SRR8615354_2.fastq.gz,auto
SRR8615355,SRR8615355_1.fastq.gz,SRR8615355_2.fastq.gz,auto
SRR8615356,SRR8615356_1.fastq.gz,SRR8615356_2.fastq.gz,auto
SRR8615357,SRR8615357_1.fastq.gz,SRR8615357_2.fastq.gz,auto
SRR8615358,SRR8615358_1.fastq.gz,SRR8615358_2.fastq.gz,auto
SRR8615359,SRR8615359_1.fastq.gz,SRR8615359_2.fastq.gz,auto
SRR8615360,SRR8615360_1.fastq.gz,SRR8615360_2.fastq.gz,auto
SRR8615361,SRR8615361_1.fastq.gz,SRR8615361_2.fastq.gz,auto
SRR8615362,SRR8615362_1.fastq.gz,SRR8615362_2.fastq.gz,auto
SRR8615363,SRR8615363_1.fastq.gz,SRR8615363_2.fastq.gz,auto
SRR8615364,SRR8615364_1.fastq.gz,SRR8615364_2.fastq.gz,auto
SRR8615365,SRR8615365_1.fastq.gz,SRR8615365_2.fastq.gz,auto
SRR8615366,SRR8615366_1.fastq.gz,SRR8615366_2.fastq.gz,auto
SRR8615367,SRR8615367_1.fastq.gz,SRR8615367_2.fastq.gz,auto
SRR8615368,SRR8615368_1.fastq.gz,SRR8615368_2.fastq.gz,auto
SRR8615369,SRR8615369_1.fastq.gz,SRR8615369_2.fastq.gz,auto
SRR8615370,SRR8615370_1.fastq.gz,SRR8615370_2.fastq.gz,auto
SRR8615371,SRR8615371_1.fastq.gz,SRR8615371_2.fastq.gz,auto
SRR8615372,SRR8615372_1.fastq.gz,SRR8615372_2.fastq.gz,auto
SRR8615373,SRR8615373_1.fastq.gz,SRR8615373_2.fastq.gz,auto
SRR8615374,SRR8615374_1.fastq.gz,SRR8615374_2.fastq.gz,auto
SRR8615375,SRR8615375_1.fastq.gz,SRR8615375_2.fastq.gz,auto
SRR8615376,SRR8615376_1.fastq.gz,SRR8615376_2.fastq.gz,auto
SRR8615377,SRR8615377_1.fastq.gz,SRR8615377_2.fastq.gz,auto
SRR8615378,SRR8615378_1.fastq.gz,SRR8615378_2.fastq.gz,auto
SRR8615379,SRR8615379_1.fastq.gz,SRR8615379_2.fastq.gz,auto
SRR8615380,SRR8615380_1.fastq.gz,SRR8615380_2.fastq.gz,auto
SRR8615381,SRR8615381_1.fastq.gz,SRR8615381_2.fastq.gz,auto
SRR8615382,SRR8615382_1.fastq.gz,SRR8615382_2.fastq.gz,auto
SRR8615383,SRR8615383_1.fastq.gz,SRR8615383_2.fastq.gz,auto
SRR8615384,SRR8615384_1.fastq.gz,SRR8615384_2.fastq.gz,auto
SRR8615385,SRR8615385_1.fastq.gz,SRR8615385_2.fastq.gz,auto
SRR8615386,SRR8615386_1.fastq.gz,SRR8615386_2.fastq.gz,auto
SRR8615387,SRR8615387_1.fastq.gz,SRR8615387_2.fastq.gz,auto
SRR8615388,SRR8615388_1.fastq.gz,SRR8615388_2.fastq.gz,auto
SRR8615389,SRR8615389_1.fastq.gz,SRR8615389_2.fastq.gz,auto
SRR8615390,SRR8615390_1.fastq.gz,SRR8615390_2.fastq.gz,auto
SRR8615391,SRR8615391_1.fastq.gz,SRR8615391_2.fastq.gz,auto
SRR8615392,SRR8615392_1.fastq.gz,SRR8615392_2.fastq.gz,auto
SRR8615393,SRR8615393_1.fastq.gz,SRR8615393_2.fastq.gz,auto
SRR8615394,SRR8615394_1.fastq.gz,SRR8615394_2.fastq.gz,auto
SRR8615395,SRR8615395_1.fastq.gz,SRR8615395_2.fastq.gz,auto
SRR8615396,SRR8615396_1.fastq.gz,SRR8615396_2.fastq.gz,auto
SRR8615397,SRR8615397_1.fastq.gz,SRR8615397_2.fastq.gz,auto
SRR8615398,SRR8615398_1.fastq.gz,SRR8615398_2.fastq.gz,auto
SRR8615399,SRR8615399_1.fastq.gz,SRR8615399_2.fastq.gz,auto
SRR8615400,SRR8615400_1.fastq.gz,SRR8615400_2.fastq.gz,auto
SRR8615401,SRR8615401_1.fastq.gz,SRR8615401_2.fastq.gz,auto
SRR8615402,SRR8615402_1.fastq.gz,SRR8615402_2.fastq.gz,auto
SRR8615403,SRR8615403_1.fastq.gz,SRR8615403_2.fastq.gz,auto
SRR8615404,SRR8615404_1.fastq.gz,SRR8615404_2.fastq.gz,auto
SRR8615405,SRR8615405_1.fastq.gz,SRR8615405_2.fastq.gz,auto
SRR8615406,SRR8615406_1.fastq.gz,SRR8615406_2.fastq.gz,auto
SRR8615407,SRR8615407_1.fastq.gz,SRR8615407_2.fastq.gz,auto
SRR8615408,SRR8615408_1.fastq.gz,SRR8615408_2.fastq.gz,auto
SRR8615409,SRR8615409_1.fastq.gz,SRR8615409_2.fastq.gz,auto
SRR8615410,SRR8615410_1.fastq.gz,SRR8615410_2.fastq.gz,auto
SRR8615411,SRR8615411_1.fastq.gz,SRR8615411_2.fastq.gz,auto
SRR8615412,SRR8615412_1.fastq.gz,SRR8615412_2.fastq.gz,auto
SRR8615413,SRR8615413_1.fastq.gz,SRR8615413_2.fastq.gz,auto
SRR8615414,SRR8615414_1.fastq.gz,SRR8615414_2.fastq.gz,auto
SRR8615415,SRR8615415_1.fastq.gz,SRR8615415_2.fastq.gz,auto
SRR8615416,SRR8615416_1.fastq.gz,SRR8615416_2.fastq.gz,auto
SRR8615417,SRR8615417_1.fastq.gz,SRR8615417_2.fastq.gz,auto
SRR8615418,SRR8615418_1.fastq.gz,SRR8615418_2.fastq.gz,auto
SRR8615419,SRR8615419_1.fastq.gz,SRR8615419_2.fastq.gz,auto
SRR8615420,SRR8615420_1.fastq.gz,SRR8615420_2.fastq.gz,auto
SRR8615421,SRR8615421_1.fastq.gz,SRR8615421_2.fastq.gz,auto
SRR8615422,SRR8615422_1.fastq.gz,SRR8615422_2.fastq.gz,auto
SRR8615423,SRR8615423_1.fastq.gz,SRR8615423_2.fastq.gz,auto
SRR8615424,SRR8615424_1.fastq.gz,SRR8615424_2.fastq.gz,auto
SRR8615425,SRR8615425_1.fastq.gz,SRR8615425_2.fastq.gz,auto
SRR8615426,SRR8615426_1.fastq.gz,SRR8615426_2.fastq.gz,auto
SRR8615427,SRR8615427_1.fastq.gz,SRR8615427_2.fastq.gz,auto
SRR8615428,SRR8615428_1.fastq.gz,SRR8615428_2.fastq.gz,auto
SRR8615429,SRR8615429_1.fastq.gz,SRR8615429_2.fastq.gz,auto
SRR8615430,SRR8615430_1.fastq.gz,SRR8615430_2.fastq.gz,auto
SRR8615431,SRR8615431_1.fastq.gz,SRR8615431_2.fastq.gz,auto
SRR8615432,SRR8615432_1.fastq.gz,SRR8615432_2.fastq.gz,auto
SRR8615433,SRR8615433_1.fastq.gz,SRR8615433_2.fastq.gz,auto
SRR8615434,SRR8615434_1.fastq.gz,SRR8615434_2.fastq.gz,auto
SRR8615435,SRR8615435_1.fastq.gz,SRR8615435_2.fastq.gz,auto
SRR8615436,SRR8615436_1.fastq.gz,SRR8615436_2.fastq.gz,auto
SRR8615437,SRR8615437_1.fastq.gz,SRR8615437_2.fastq.gz,auto
SRR8615438,SRR8615438_1.fastq.gz,SRR8615438_2.fastq.gz,auto
SRR8615439,SRR8615439_1.fastq.gz,SRR8615439_2.fastq.gz,auto
SRR8615440,SRR8615440_1.fastq.gz,SRR8615440_2.fastq.gz,auto
SRR8615441,SRR8615441_1.fastq.gz,SRR8615441_2.fastq.gz,auto
SRR8615442,SRR8615442_1.fastq.gz,SRR8615442_2.fastq.gz,auto
SRR8615443,SRR8615443_1.fastq.gz,SRR8615443_2.fastq.gz,auto
SRR8615444,SRR8615444_1.fastq.gz,SRR8615444_2.fastq.gz,auto
SRR8615445,SRR8615445_1.fastq.gz,SRR8615445_2.fastq.gz,auto
SRR8615446,SRR8615446_1.fastq.gz,SRR8615446_2.fastq.gz,auto
SRR8615447,SRR8615447_1.fastq.gz,SRR8615447_2.fastq.gz,auto
SRR8615448,SRR8615448_1.fastq.gz,SRR8615448_2.fastq.gz,auto
SRR8615449,SRR8615449_1.fastq.gz,SRR8615449_2.fastq.gz,auto
SRR8615450,SRR8615450_1.fastq.gz,SRR8615450_2.fastq.gz,auto
SRR8615451,SRR8615451_1.fastq.gz,SRR8615451_2.fastq.gz,auto
SRR8615452,SRR8615452_1.fastq.gz,SRR8615452_2.fastq.gz,auto
SRR8615453,SRR8615453_1.fastq.gz,SRR8615453_2.fastq.gz,auto
SRR8615454,SRR8615454_1.fastq.gz,SRR8615454_2.fastq.gz,auto
SRR8615455,SRR8615455_1.fastq.gz,SRR8615455_2.fastq.gz,auto
SRR8615456,SRR8615456_1.fastq.gz,SRR8615456_2.fastq.gz,auto
SRR8615457,SRR8615457_1.fastq.gz,SRR8615457_2.fastq.gz,auto
SRR8615458,SRR8615458_1.fastq.gz,SRR8615458_2.fastq.gz,auto
SRR8615459,SRR8615459_1.fastq.gz,SRR8615459_2.fastq.gz,auto
SRR8615460,SRR8615460_1.fastq.gz,SRR8615460_2.fastq.gz,auto
SRR8615461,SRR8615461_1.fastq.gz,SRR8615461_2.fastq.gz,auto
SRR8615462,SRR8615462_1.fastq.gz,SRR8615462_2.fastq.gz,auto
SRR8615463,SRR8615463_1.fastq.gz,SRR8615463_2.fastq.gz,auto
SRR8615464,SRR8615464_1.fastq.gz,SRR8615464_2.fastq.gz,auto
SRR8615465,SRR8615465_1.fastq.gz,SRR8615465_2.fastq.gz,auto
SRR8615466,SRR8615466_1.fastq.gz,SRR8615466_2.fastq.gz,auto
SRR8615467,SRR8615467_1.fastq.gz,SRR8615467_2.fastq.gz,auto
SRR8615468,SRR8615468_1.fastq.gz,SRR8615468_2.fastq.gz,auto
SRR8615469,SRR8615469_1.fastq.gz,SRR8615469_2.fastq.gz,auto
SRR8615470,SRR8615470_1.fastq.gz,SRR8615470_2.fastq.gz,auto
SRR8615471,SRR8615471_1.fastq.gz,SRR8615471_2.fastq.gz,auto
SRR8615472,SRR8615472_1.fastq.gz,SRR8615472_2.fastq.gz,auto
SRR8615473,SRR8615473_1.fastq.gz,SRR8615473_2.fastq.gz,auto
SRR8615474,SRR8615474_1.fastq.gz,SRR8615474_2.fastq.gz,auto
SRR8615475,SRR8615475_1.fastq.gz,SRR8615475_2.fastq.gz,auto
SRR8615476,SRR8615476_1.fastq.gz,SRR8615476_2.fastq.gz,auto
SRR8615477,SRR8615477_1.fastq.gz,SRR8615477_2.fastq.gz,auto
SRR8615478,SRR8615478_1.fastq.gz,SRR8615478_2.fastq.gz,auto
SRR8615479,SRR8615479_1.fastq.gz,SRR8615479_2.fastq.gz,auto
SRR8615480,SRR8615480_1.fastq.gz,SRR8615480_2.fastq.gz,auto
SRR8615481,SRR8615481_1.fastq.gz,SRR8615481_2.fastq.gz,auto
SRR8615482,SRR8615482_1.fastq.gz,SRR8615482_2.fastq.gz,auto
SRR8615483,SRR8615483_1.fastq.gz,SRR8615483_2.fastq.gz,auto
SRR8615484,SRR8615484_1.fastq.gz,SRR8615484_2.fastq.gz,auto
SRR8615485,SRR8615485_1.fastq.gz,SRR8615485_2.fastq.gz,auto
SRR8615486,SRR8615486_1.fastq.gz,SRR8615486_2.fastq.gz,auto
SRR8615487,SRR8615487_1.fastq.gz,SRR8615487_2.fastq.gz,auto
SRR8615488,SRR8615488_1.fastq.gz,SRR8615488_2.fastq.gz,auto
SRR8615489,SRR8615489_1.fastq.gz,SRR8615489_2.fastq.gz,auto
SRR8615490,SRR8615490_1.fastq.gz,SRR8615490_2.fastq.gz,auto
SRR8615491,SRR8615491_1.fastq.gz,SRR8615491_2.fastq.gz,auto
SRR8615492,SRR8615492_1.fastq.gz,SRR8615492_2.fastq.gz,auto
SRR8615493,SRR8615493_1.fastq.gz,SRR8615493_2.fastq.gz,auto
SRR8615494,SRR8615494_1.fastq.gz,SRR8615494_2.fastq.gz,auto
SRR8615495,SRR8615495_1.fastq.gz,SRR8615495_2.fastq.gz,auto
SRR8615496,SRR8615496_1.fastq.gz,SRR8615496_2.fastq.gz,auto
SRR8615497,SRR8615497_1.fastq.gz,SRR8615497_2.fastq.gz,auto
SRR8615498,SRR8615498_1.fastq.gz,SRR8615498_2.fastq.gz,auto
SRR8615499,SRR8615499_1.fastq.gz,SRR8615499_2.fastq.gz,auto
SRR8615500,SRR8615500_1.fastq.gz,SRR8615500_2.fastq.gz,auto
SRR8615501,SRR8615501_1.fastq.gz,SRR8615501_2.fastq.gz,auto
SRR8615502,SRR8615502_1.fastq.gz,SRR8615502_2.fastq.gz,auto
SRR8615503,SRR8615503_1.fastq.gz,SRR8615503_2.fastq.gz,auto
SRR8615504,SRR8615504_1.fastq.gz,SRR8615504_2.fastq.gz,auto
SRR8615505,SRR8615505_1.fastq.gz,SRR8615505_2.fastq.gz,auto
SRR8615506,SRR8615506_1.fastq.gz,SRR8615506_2.fastq.gz,auto
SRR8615507,SRR8615507_1.fastq.gz,SRR8615507_2.fastq.gz,auto
SRR8615508,SRR8615508_1.fastq.gz,SRR8615508_2.fastq.gz,auto
SRR8615509,SRR8615509_1.fastq.gz,SRR8615509_2.fastq.gz,auto
SRR8615510,SRR8615510_1.fastq.gz,SRR8615510_2.fastq.gz,auto
SRR8615511,SRR8615511_1.fastq.gz,SRR8615511_2.fastq.gz,auto
SRR8615512,SRR8615512_1.fastq.gz,SRR8615512_2.fastq.gz,auto
SRR8615513,SRR8615513_1.fastq.gz,SRR8615513_2.fastq.gz,auto
SRR8615514,SRR8615514_1.fastq.gz,SRR8615514_2.fastq.gz,auto
SRR8615515,SRR8615515_1.fastq.gz,SRR8615515_2.fastq.gz,auto
SRR8615516,SRR8615516_1.fastq.gz,SRR8615516_2.fastq.gz,auto
SRR8615517,SRR8615517_1.fastq.gz,SRR8615517_2.fastq.gz,auto
SRR8615518,SRR8615518_1.fastq.gz,SRR8615518_2.fastq.gz,auto
SRR8615519,SRR8615519_1.fastq.gz,SRR8615519_2.fastq.gz,auto
SRR8615520,SRR8615520_1.fastq.gz,SRR8615520_2.fastq.gz,auto
SRR8615521,SRR8615521_1.fastq.gz,SRR8615521_2.fastq.gz,auto
SRR8615522,SRR8615522_1.fastq.gz,SRR8615522_2.fastq.gz,auto
SRR8615523,SRR8615523_1.fastq.gz,SRR8615523_2.fastq.gz,auto
SRR8615524,SRR8615524_1.fastq.gz,SRR8615524_2.fastq.gz,auto
SRR8615525,SRR8615525_1.fastq.gz,SRR8615525_2.fastq.gz,auto
SRR8615526,SRR8615526_1.fastq.gz,SRR8615526_2.fastq.gz,auto
SRR8615527,SRR8615527_1.fastq.gz,SRR8615527_2.fastq.gz,auto
SRR8615528,SRR8615528_1.fastq.gz,SRR8615528_2.fastq.gz,auto
SRR8615529,SRR8615529_1.fastq.gz,SRR8615529_2.fastq.gz,auto
SRR8615530,SRR8615530_1.fastq.gz,SRR8615530_2.fastq.gz,auto
SRR8615531,SRR8615531_1.fastq.gz,SRR8615531_2.fastq.gz,auto
SRR8615532,SRR8615532_1.fastq.gz,SRR8615532_2.fastq.gz,auto
SRR8615533,SRR8615533_1.fastq.gz,SRR8615533_2.fastq.gz,auto
SRR8615534,SRR8615534_1.fastq.gz,SRR8615534_2.fastq.gz,auto
SRR8615535,SRR8615535_1.fastq.gz,SRR8615535_2.fastq.gz,auto
SRR8615536,SRR8615536_1.fastq.gz,SRR8615536_2.fastq.gz,auto
SRR8615537,SRR8615537_1.fastq.gz,SRR8615537_2.fastq.gz,auto
SRR8615538,SRR8615538_1.fastq.gz,SRR8615538_2.fastq.gz,auto
SRR8615539,SRR8615539_1.fastq.gz,SRR8615539_2.fastq.gz,auto
SRR8615540,SRR8615540_1.fastq.gz,SRR8615540_2.fastq.gz,auto
SRR8615541,SRR8615541_1.fastq.gz,SRR8615541_2.fastq.gz,auto
SRR8615542,SRR8615542_1.fastq.gz,SRR8615542_2.fastq.gz,auto
SRR8615543,SRR8615543_1.fastq.gz,SRR8615543_2.fastq.gz,auto
SRR8615544,SRR8615544_1.fastq.gz,SRR8615544_2.fastq.gz,auto
SRR8615545,SRR8615545_1.fastq.gz,SRR8615545_2.fastq.gz,auto
SRR8615546,SRR8615546_1.fastq.gz,SRR8615546_2.fastq.gz,auto
SRR8615547,SRR8615547_1.fastq.gz,SRR8615547_2.fastq.gz,auto
SRR8615548,SRR8615548_1.fastq.gz,SRR8615548_2.fastq.gz,auto
SRR8615549,SRR8615549_1.fastq.gz,SRR8615549_2.fastq.gz,auto
SRR8615550,SRR8615550_1.fastq.gz,SRR8615550_2.fastq.gz,auto
SRR8615551,SRR8615551_1.fastq.gz,SRR8615551_2.fastq.gz,auto
SRR8615552,SRR8615552_1.fastq.gz,SRR8615552_2.fastq.gz,auto
SRR8615553,SRR8615553_1.fastq.gz,SRR8615553_2.fastq.gz,auto
SRR8615554,SRR8615554_1.fastq.gz,SRR8615554_2.fastq.gz,auto
SRR8615555,SRR8615555_1.fastq.gz,SRR8615555_2.fastq.gz,auto
SRR8615556,SRR8615556_1.fastq.gz,SRR8615556_2.fastq.gz,auto
SRR8615557,SRR8615557_1.fastq.gz,SRR8615557_2.fastq.gz,auto
SRR8615558,SRR8615558_1.fastq.gz,SRR8615558_2.fastq.gz,auto
SRR8615559,SRR8615559_1.fastq.gz,SRR8615559_2.fastq.gz,auto
SRR8615560,SRR8615560_1.fastq.gz,SRR8615560_2.fastq.gz,auto
SRR8615561,SRR8615561_1.fastq.gz,SRR8615561_2.fastq.gz,auto
SRR8615562,SRR8615562_1.fastq.gz,SRR8615562_2.fastq.gz,auto
SRR8615563,SRR8615563_1.fastq.gz,SRR8615563_2.fastq.gz,auto
SRR8615564,SRR8615564_1.fastq.gz,SRR8615564_2.fastq.gz,auto
SRR8615565,SRR8615565_1.fastq.gz,SRR8615565_2.fastq.gz,auto
SRR8615566,SRR8615566_1.fastq.gz,SRR8615566_2.fastq.gz,auto
SRR8615567,SRR8615567_1.fastq.gz,SRR8615567_2.fastq.gz,auto
SRR8615568,SRR8615568_1.fastq.gz,SRR8615568_2.fastq.gz,auto
SRR8615569,SRR8615569_1.fastq.gz,SRR8615569_2.fastq.gz,auto
SRR8615570,SRR8615570_1.fastq.gz,SRR8615570_2.fastq.gz,auto
SRR8615571,SRR8615571_1.fastq.gz,SRR8615571_2.fastq.gz,auto
SRR8615572,SRR8615572_1.fastq.gz,SRR8615572_2.fastq.gz,auto
SRR8615573,SRR8615573_1.fastq.gz,SRR8615573_2.fastq.gz,auto
SRR8615574,SRR8615574_1.fastq.gz,SRR8615574_2.fastq.gz,auto
SRR8615575,SRR8615575_1.fastq.gz,SRR8615575_2.fastq.gz,auto
SRR8615576,SRR8615576_1.fastq.gz,SRR8615576_2.fastq.gz,auto
SRR8615577,SRR8615577_1.fastq.gz,SRR8615577_2.fastq.gz,auto
SRR8615578,SRR8615578_1.fastq.gz,SRR8615578_2.fastq.gz,auto
SRR8615579,SRR8615579_1.fastq.gz,SRR8615579_2.fastq.gz,auto
SRR8615580,SRR8615580_1.fastq.gz,SRR8615580_2.fastq.gz,auto
SRR8615581,SRR8615581_1.fastq.gz,SRR8615581_2.fastq.gz,auto
SRR8615582,SRR8615582_1.fastq.gz,SRR8615582_2.fastq.gz,auto
SRR8615583,SRR8615583_1.fastq.gz,SRR8615583_2.fastq.gz,auto
SRR8615584,SRR8615584_1.fastq.gz,SRR8615584_2.fastq.gz,auto
SRR8615585,SRR8615585_1.fastq.gz,SRR8615585_2.fastq.gz,auto
SRR8615586,SRR8615586_1.fastq.gz,SRR8615586_2.fastq.gz,auto
SRR8615587,SRR8615587_1.fastq.gz,SRR8615587_2.fastq.gz,auto
SRR8615588,SRR8615588_1.fastq.gz,SRR8615588_2.fastq.gz,auto
SRR8615589,SRR8615589_1.fastq.gz,SRR8615589_2.fastq.gz,auto
SRR8615590,SRR8615590_1.fastq.gz,SRR8615590_2.fastq.gz,auto
SRR8615591,SRR8615591_1.fastq.gz,SRR8615591_2.fastq.gz,auto
SRR8615592,SRR8615592_1.fastq.gz,SRR8615592_2.fastq.gz,auto
SRR8615593,SRR8615593_1.fastq.gz,SRR8615593_2.fastq.gz,auto
SRR8615594,SRR8615594_1.fastq.gz,SRR8615594_2.fastq.gz,auto
SRR8615595,SRR8615595_1.fastq.gz,SRR8615595_2.fastq.gz,auto
SRR8615596,SRR8615596_1.fastq.gz,SRR8615596_2.fastq.gz,auto
SRR8615597,SRR8615597_1.fastq.gz,SRR8615597_2.fastq.gz,auto
SRR8615598,SRR8615598_1.fastq.gz,SRR8615598_2.fastq.gz,auto
SRR8615599,SRR8615599_1.fastq.gz,SRR8615599_2.fastq.gz,auto
SRR8615600,SRR8615600_1.fastq.gz,SRR8615600_2.fastq.gz,auto
SRR8615601,SRR8615601_1.fastq.gz,SRR8615601_2.fastq.gz,auto
SRR8615602,SRR8615602_1.fastq.gz,SRR8615602_2.fastq.gz,auto
SRR8615603,SRR8615603_1.fastq.gz,SRR8615603_2.fastq.gz,auto
SRR8615604,SRR8615604_1.fastq.gz,SRR8615604_2.fastq.gz,auto
SRR8615605,SRR8615605_1.fastq.gz,SRR8615605_2.fastq.gz,auto
SRR8615606,SRR8615606_1.fastq.gz,SRR8615606_2.fastq.gz,auto
SRR8615607,SRR8615607_1.fastq.gz,SRR8615607_2.fastq.gz,auto
SRR8615608,SRR8615608_1.fastq.gz,SRR8615608_2.fastq.gz,auto
SRR8615609,SRR8615609_1.fastq.gz,SRR8615609_2.fastq.gz,auto
SRR8615610,SRR8615610_1.fastq.gz,SRR8615610_2.fastq.gz,auto
SRR8615611,SRR8615611_1.fastq.gz,SRR8615611_2.fastq.gz,auto
SRR8615612,SRR8615612_1.fastq.gz,SRR8615612_2.fastq.gz,auto
SRR8615613,SRR8615613_1.fastq.gz,SRR8615613_2.fastq.gz,auto
SRR8615614,SRR8615614_1.fastq.gz,SRR8615614_2.fastq.gz,auto
SRR8615615,SRR8615615_1.fastq.gz,SRR8615615_2.fastq.gz,auto
SRR8615616,SRR8615616_1.fastq.gz,SRR8615616_2.fastq.gz,auto
SRR8615617,SRR8615617_1.fastq.gz,SRR8615617_2.fastq.gz,auto
SRR8615618,SRR8615618_1.fastq.gz,SRR8615618_2.fastq.gz,auto
SRR8615619,SRR8615619_1.fastq.gz,SRR8615619_2.fastq.gz,auto
SRR8615620,SRR8615620_1.fastq.gz,SRR8615620_2.fastq.gz,auto
SRR8615621,SRR8615621_1.fastq.gz,SRR8615621_2.fastq.gz,auto
SRR8615622,SRR8615622_1.fastq.gz,SRR8615622_2.fastq.gz,auto
SRR8615623,SRR8615623_1.fastq.gz,SRR8615623_2.fastq.gz,auto
SRR8615624,SRR8615624_1.fastq.gz,SRR8615624_2.fastq.gz,auto
SRR8615625,SRR8615625_1.fastq.gz,SRR8615625_2.fastq.gz,auto
SRR8615626,SRR8615626_1.fastq.gz,SRR8615626_2.fastq.gz,auto
SRR8615627,SRR8615627_1.fastq.gz,SRR8615627_2.fastq.gz,auto
SRR8615628,SRR8615628_1.fastq.gz,SRR8615628_2.fastq.gz,auto
SRR8615629,SRR8615629_1.fastq.gz,SRR8615629_2.fastq.gz,auto
SRR8615630,SRR8615630_1.fastq.gz,SRR8615630_2.fastq.gz,auto
SRR8615631,SRR8615631_1.fastq.gz,SRR8615631_2.fastq.gz,auto
SRR8615632,SRR8615632_1.fastq.gz,SRR8615632_2.fastq.gz,auto
SRR8615633,SRR8615633_1.fastq.gz,SRR8615633_2.fastq.gz,auto
SRR8615634,SRR8615634_1.fastq.gz,SRR8615634_2.fastq.gz,auto
SRR8615635,SRR8615635_1.fastq.gz,SRR8615635_2.fastq.gz,auto
SRR8615636,SRR8615636_1.fastq.gz,SRR8615636_2.fastq.gz,auto
SRR8615637,SRR8615637_1.fastq.gz,SRR8615637_2.fastq.gz,auto
SRR8615638,SRR8615638_1.fastq.gz,SRR8615638_2.fastq.gz,auto
SRR8615639,SRR8615639_1.fastq.gz,SRR8615639_2.fastq.gz,auto
SRR8615640,SRR8615640_1.fastq.gz,SRR8615640_2.fastq.gz,auto
SRR8615641,SRR8615641_1.fastq.gz,SRR8615641_2.fastq.gz,auto
SRR8615642,SRR8615642_1.fastq.gz,SRR8615642_2.fastq.gz,auto
SRR8615643,SRR8615643_1.fastq.gz,SRR8615643_2.fastq.gz,auto
SRR8615644,SRR8615644_1.fastq.gz,SRR8615644_2.fastq.gz,auto
SRR8615645,SRR8615645_1.fastq.gz,SRR8615645_2.fastq.gz,auto
SRR8615646,SRR8615646_1.fastq.gz,SRR8615646_2.fastq.gz,auto
SRR8615647,SRR8615647_1.fastq.gz,SRR8615647_2.fastq.gz,auto
SRR8615648,SRR8615648_1.fastq.gz,SRR8615648_2.fastq.gz,auto
SRR8615649,SRR8615649_1.fastq.gz,SRR8615649_2.fastq.gz,auto
SRR8615650,SRR8615650_1.fastq.gz,SRR8615650_2.fastq.gz,auto
SRR8615651,SRR8615651_1.fastq.gz,SRR8615651_2.fastq.gz,auto
SRR8615652,SRR8615652_1.fastq.gz,SRR8615652_2.fastq.gz,auto
SRR8615653,SRR8615653_1.fastq.gz,SRR8615653_2.fastq.gz,auto
SRR8615654,SRR8615654_1.fastq.gz,SRR8615654_2.fastq.gz,auto
SRR8615655,SRR8615655_1.fastq.gz,SRR8615655_2.fastq.gz,auto
SRR8615656,SRR8615656_1.fastq.gz,SRR8615656_2.fastq.gz,auto
SRR8615657,SRR8615657_1.fastq.gz,SRR8615657_2.fastq.gz,auto
SRR8615658,SRR8615658_1.fastq.gz,SRR8615658_2.fastq.gz,auto
SRR8615659,SRR8615659_1.fastq.gz,SRR8615659_2.fastq.gz,auto
SRR8615660,SRR8615660_1.fastq.gz,SRR8615660_2.fastq.gz,auto
SRR8615661,SRR8615661_1.fastq.gz,SRR8615661_2.fastq.gz,auto
SRR8615662,SRR8615662_1.fastq.gz,SRR8615662_2.fastq.gz,auto
SRR8615663,SRR8615663_1.fastq.gz,SRR8615663_2.fastq.gz,auto
SRR8615664,SRR8615664_1.fastq.gz,SRR8615664_2.fastq.gz,auto
SRR8615665,SRR8615665_1.fastq.gz,SRR8615665_2.fastq.gz,auto
SRR8615666,SRR8615666_1.fastq.gz,SRR8615666_2.fastq.gz,auto
SRR8615667,SRR8615667_1.fastq.gz,SRR8615667_2.fastq.gz,auto
SRR8615668,SRR8615668_1.fastq.gz,SRR8615668_2.fastq.gz,auto
SRR8615669,SRR8615669_1.fastq.gz,SRR8615669_2.fastq.gz,auto
SRR8615670,SRR8615670_1.fastq.gz,SRR8615670_2.fastq.gz,auto
SRR8615671,SRR8615671_1.fastq.gz,SRR8615671_2.fastq.gz,auto
SRR8615672,SRR8615672_1.fastq.gz,SRR8615672_2.fastq.gz,auto
SRR8615673,SRR8615673_1.fastq.gz,SRR8615673_2.fastq.gz,auto
SRR8615674,SRR8615674_1.fastq.gz,SRR8615674_2.fastq.gz,auto
SRR8615675,SRR8615675_1.fastq.gz,SRR8615675_2.fastq.gz,auto
SRR8615676,SRR8615676_1.fastq.gz,SRR8615676_2.fastq.gz,auto
SRR8615677,SRR8615677_1.fastq.gz,SRR8615677_2.fastq.gz,auto
SRR8615678,SRR8615678_1.fastq.gz,SRR8615678_2.fastq.gz,auto
SRR8615679,SRR8615679_1.fastq.gz,SRR8615679_2.fastq.gz,auto
SRR8615680,SRR8615680_1.fastq.gz,SRR8615680_2.fastq.gz,auto
SRR8615681,SRR8615681_1.fastq.gz,SRR8615681_2.fastq.gz,auto
SRR8615682,SRR8615682_1.fastq.gz,SRR8615682_2.fastq.gz,auto
SRR8615683,SRR8615683_1.fastq.gz,SRR8615683_2.fastq.gz,auto
SRR8615684,SRR8615684_1.fastq.gz,SRR8615684_2.fastq.gz,auto
SRR8615685,SRR8615685_1.fastq.gz,SRR8615685_2.fastq.gz,auto
SRR8615686,SRR8615686_1.fastq.gz,SRR8615686_2.fastq.gz,auto
SRR8615687,SRR8615687_1.fastq.gz,SRR8615687_2.fastq.gz,auto
SRR8615688,SRR8615688_1.fastq.gz,SRR8615688_2.fastq.gz,auto
SRR8615689,SRR8615689_1.fastq.gz,SRR8615689_2.fastq.gz,auto
SRR8615690,SRR8615690_1.fastq.gz,SRR8615690_2.fastq.gz,auto
SRR8615691,SRR8615691_1.fastq.gz,SRR8615691_2.fastq.gz,auto
SRR8615692,SRR8615692_1.fastq.gz,SRR8615692_2.fastq.gz,auto
SRR8615693,SRR8615693_1.fastq.gz,SRR8615693_2.fastq.gz,auto
SRR8615694,SRR8615694_1.fastq.gz,SRR8615694_2.fastq.gz,auto
SRR8615695,SRR8615695_1.fastq.gz,SRR8615695_2.fastq.gz,auto
SRR8615696,SRR8615696_1.fastq.gz,SRR8615696_2.fastq.gz,auto
SRR8615697,SRR8615697_1.fastq.gz,SRR8615697_2.fastq.gz,auto
SRR8615698,SRR8615698_1.fastq.gz,SRR8615698_2.fastq.gz,auto
SRR8615699,SRR8615699_1.fastq.gz,SRR8615699_2.fastq.gz,auto
SRR8615700,SRR8615700_1.fastq.gz,SRR8615700_2.fastq.gz,auto
SRR8615701,SRR8615701_1.fastq.gz,SRR8615701_2.fastq.gz,auto
SRR8615702,SRR8615702_1.fastq.gz,SRR8615702_2.fastq.gz,auto
SRR8615703,SRR8615703_1.fastq.gz,SRR8615703_2.fastq.gz,auto
SRR8615704,SRR8615704_1.fastq.gz,SRR8615704_2.fastq.gz,auto
SRR8615705,SRR8615705_1.fastq.gz,SRR8615705_2.fastq.gz,auto
SRR8615706,SRR8615706_1.fastq.gz,SRR8615706_2.fastq.gz,auto
SRR8615707,SRR8615707_1.fastq.gz,SRR8615707_2.fastq.gz,auto
SRR8615708,SRR8615708_1.fastq.gz,SRR8615708_2.fastq.gz,auto
SRR8615709,SRR8615709_1.fastq.gz,SRR8615709_2.fastq.gz,auto
SRR8615710,SRR8615710_1.fastq.gz,SRR8615710_2.fastq.gz,auto
SRR8615711,SRR8615711_1.fastq.gz,SRR8615711_2.fastq.gz,auto
SRR8615712,SRR8615712_1.fastq.gz,SRR8615712_2.fastq.gz,auto
SRR8615713,SRR8615713_1.fastq.gz,SRR8615713_2.fastq.gz,auto
SRR8615714,SRR8615714_1.fastq.gz,SRR8615714_2.fastq.gz,auto
SRR8615715,SRR8615715_1.fastq.gz,SRR8615715_2.fastq.gz,auto
SRR8615716,SRR8615716_1.fastq.gz,SRR8615716_2.fastq.gz,auto
SRR8615717,SRR8615717_1.fastq.gz,SRR8615717_2.fastq.gz,auto
SRR8615718,SRR8615718_1.fastq.gz,SRR8615718_2.fastq.gz,auto
SRR8615719,SRR8615719_1.fastq.gz,SRR8615719_2.fastq.gz,auto
SRR8615720,SRR8615720_1.fastq.gz,SRR8615720_2.fastq.gz,auto
SRR8615721,SRR8615721_1.fastq.gz,SRR8615721_2.fastq.gz,auto
SRR8615722,SRR8615722_1.fastq.gz,SRR8615722_2.fastq.gz,auto
SRR8615723,SRR8615723_1.fastq.gz,SRR8615723_2.fastq.gz,auto
SRR8615724,SRR8615724_1.fastq.gz,SRR8615724_2.fastq.gz,auto
SRR8615725,SRR8615725_1.fastq.gz,SRR8615725_2.fastq.gz,auto
SRR8615726,SRR8615726_1.fastq.gz,SRR8615726_2.fastq.gz,auto
SRR8615727,SRR8615727_1.fastq.gz,SRR8615727_2.fastq.gz,auto
SRR8615728,SRR8615728_1.fastq.gz,SRR8615728_2.fastq.gz,auto
SRR8615729,SRR8615729_1.fastq.gz,SRR8615729_2.fastq.gz,auto
SRR8615730,SRR8615730_1.fastq.gz,SRR8615730_2.fastq.gz,auto
SRR8615731,SRR8615731_1.fastq.gz,SRR8615731_2.fastq.gz,auto
SRR8615732,SRR8615732_1.fastq.gz,SRR8615732_2.fastq.gz,auto
SRR8615733,SRR8615733_1.fastq.gz,SRR8615733_2.fastq.gz,auto
SRR8615734,SRR8615734_1.fastq.gz,SRR8615734_2.fastq.gz,auto
SRR8615735,SRR8615735_1.fastq.gz,SRR8615735_2.fastq.gz,auto
SRR8615736,SRR8615736_1.fastq.gz,SRR8615736_2.fastq.gz,auto
SRR8615737,SRR8615737_1.fastq.gz,SRR8615737_2.fastq.gz,auto
SRR8615738,SRR8615738_1.fastq.gz,SRR8615738_2.fastq.gz,auto
SRR8615739,SRR8615739_1.fastq.gz,SRR8615739_2.fastq.gz,auto
SRR8615740,SRR8615740_1.fastq.gz,SRR8615740_2.fastq.gz,auto
SRR8615741,SRR8615741_1.fastq.gz,SRR8615741_2.fastq.gz,auto
SRR8615742,SRR8615742_1.fastq.gz,SRR8615742_2.fastq.gz,auto
SRR8615743,SRR8615743_1.fastq.gz,SRR8615743_2.fastq.gz,auto
SRR8615744,SRR8615744_1.fastq.gz,SRR8615744_2.fastq.gz,auto
SRR8615745,SRR8615745_1.fastq.gz,SRR8615745_2.fastq.gz,auto
SRR8615746,SRR8615746_1.fastq.gz,SRR8615746_2.fastq.gz,auto
SRR8615747,SRR8615747_1.fastq.gz,SRR8615747_2.fastq.gz,auto
SRR8615748,SRR8615748_1.fastq.gz,SRR8615748_2.fastq.gz,auto
SRR8615749,SRR8615749_1.fastq.gz,SRR8615749_2.fastq.gz,auto
SRR8615750,SRR8615750_1.fastq.gz,SRR8615750_2.fastq.gz,auto
SRR8615751,SRR8615751_1.fastq.gz,SRR8615751_2.fastq.gz,auto
SRR8615752,SRR8615752_1.fastq.gz,SRR8615752_2.fastq.gz,auto
SRR8615753,SRR8615753_1.fastq.gz,SRR8615753_2.fastq.gz,auto
SRR8615754,SRR8615754_1.fastq.gz,SRR8615754_2.fastq.gz,auto
SRR8615755,SRR8615755_1.fastq.gz,SRR8615755_2.fastq.gz,auto
SRR8615756,SRR8615756_1.fastq.gz,SRR8615756_2.fastq.gz,auto
SRR8615757,SRR8615757_1.fastq.gz,SRR8615757_2.fastq.gz,auto
SRR8615758,SRR8615758_1.fastq.gz,SRR8615758_2.fastq.gz,auto
SRR8615759,SRR8615759_1.fastq.gz,SRR8615759_2.fastq.gz,auto
SRR8615760,SRR8615760_1.fastq.gz,SRR8615760_2.fastq.gz,auto
SRR8615761,SRR8615761_1.fastq.gz,SRR8615761_2.fastq.gz,auto
SRR8615762,SRR8615762_1.fastq.gz,SRR8615762_2.fastq.gz,auto
SRR8615763,SRR8615763_1.fastq.gz,SRR8615763_2.fastq.gz,auto
SRR8615764,SRR8615764_1.fastq.gz,SRR8615764_2.fastq.gz,auto
SRR8615765,SRR8615765_1.fastq.gz,SRR8615765_2.fastq.gz,auto
SRR8615766,SRR8615766_1.fastq.gz,SRR8615766_2.fastq.gz,auto
SRR8615767,SRR8615767_1.fastq.gz,SRR8615767_2.fastq.gz,auto
SRR8615768,SRR8615768_1.fastq.gz,SRR8615768_2.fastq.gz,auto
SRR8615769,SRR8615769_1.fastq.gz,SRR8615769_2.fastq.gz,auto
SRR8615770,SRR8615770_1.fastq.gz,SRR8615770_2.fastq.gz,auto
SRR8615771,SRR8615771_1.fastq.gz,SRR8615771_2.fastq.gz,auto
SRR8615772,SRR8615772_1.fastq.gz,SRR8615772_2.fastq.gz,auto
SRR8615773,SRR8615773_1.fastq.gz,SRR8615773_2.fastq.gz,auto
SRR8615774,SRR8615774_1.fastq.gz,SRR8615774_2.fastq.gz,auto
SRR8615775,SRR8615775_1.fastq.gz,SRR8615775_2.fastq.gz,auto
SRR8615776,SRR8615776_1.fastq.gz,SRR8615776_2.fastq.gz,auto
SRR8615777,SRR8615777_1.fastq.gz,SRR8615777_2.fastq.gz,auto
SRR8615778,SRR8615778_1.fastq.gz,SRR8615778_2.fastq.gz,auto
SRR8615779,SRR8615779_1.fastq.gz,SRR8615779_2.fastq.gz,auto
SRR8615780,SRR8615780_1.fastq.gz,SRR8615780_2.fastq.gz,auto
SRR8615781,SRR8615781_1.fastq.gz,SRR8615781_2.fastq.gz,auto
SRR8615782,SRR8615782_1.fastq.gz,SRR8615782_2.fastq.gz,auto
SRR8615783,SRR8615783_1.fastq.gz,SRR8615783_2.fastq.gz,auto
SRR8615784,SRR8615784_1.fastq.gz,SRR8615784_2.fastq.gz,auto
SRR8615785,SRR8615785_1.fastq.gz,SRR8615785_2.fastq.gz,auto
SRR8615786,SRR8615786_1.fastq.gz,SRR8615786_2.fastq.gz,auto
SRR8615787,SRR8615787_1.fastq.gz,SRR8615787_2.fastq.gz,auto
SRR8615788,SRR8615788_1.fastq.gz,SRR8615788_2.fastq.gz,auto
SRR8615789,SRR8615789_1.fastq.gz,SRR8615789_2.fastq.gz,auto
SRR8615790,SRR8615790_1.fastq.gz,SRR8615790_2.fastq.gz,auto
SRR8615791,SRR8615791_1.fastq.gz,SRR8615791_2.fastq.gz,auto
SRR8615792,SRR8615792_1.fastq.gz,SRR8615792_2.fastq.gz,auto
SRR8615793,SRR8615793_1.fastq.gz,SRR8615793_2.fastq.gz,auto
SRR8615794,SRR8615794_1.fastq.gz,SRR8615794_2.fastq.gz,auto
SRR8615795,SRR8615795_1.fastq.gz,SRR8615795_2.fastq.gz,auto
SRR8615796,SRR8615796_1.fastq.gz,SRR8615796_2.fastq.gz,auto
SRR8615797,SRR8615797_1.fastq.gz,SRR8615797_2.fastq.gz,auto
SRR8615798,SRR8615798_1.fastq.gz,SRR8615798_2.fastq.gz,auto
SRR8615799,SRR8615799_1.fastq.gz,SRR8615799_2.fastq.gz,auto
SRR8615800,SRR8615800_1.fastq.gz,SRR8615800_2.fastq.gz,auto
SRR8615801,SRR8615801_1.fastq.gz,SRR8615801_2.fastq.gz,auto
SRR8615802,SRR8615802_1.fastq.gz,SRR8615802_2.fastq.gz,auto
SRR8615803,SRR8615803_1.fastq.gz,SRR8615803_2.fastq.gz,auto
SRR8615804,SRR8615804_1.fastq.gz,SRR8615804_2.fastq.gz,auto
SRR8615805,SRR8615805_1.fastq.gz,SRR8615805_2.fastq.gz,auto
SRR8615806,SRR8615806_1.fastq.gz,SRR8615806_2.fastq.gz,auto
SRR8615807,SRR8615807_1.fastq.gz,SRR8615807_2.fastq.gz,auto
SRR8615808,SRR8615808_1.fastq.gz,SRR8615808_2.fastq.gz,auto
SRR8615809,SRR8615809_1.fastq.gz,SRR8615809_2.fastq.gz,auto
SRR8615810,SRR8615810_1.fastq.gz,SRR8615810_2.fastq.gz,auto
SRR8615811,SRR8615811_1.fastq.gz,SRR8615811_2.fastq.gz,auto
SRR8615812,SRR8615812_1.fastq.gz,SRR8615812_2.fastq.gz,auto
SRR8615813,SRR8615813_1.fastq.gz,SRR8615813_2.fastq.gz,auto
SRR8615814,SRR8615814_1.fastq.gz,SRR8615814_2.fastq.gz,auto
SRR8615815,SRR8615815_1.fastq.gz,SRR8615815_2.fastq.gz,auto
SRR8615816,SRR8615816_1.fastq.gz,SRR8615816_2.fastq.gz,auto
SRR8615817,SRR8615817_1.fastq.gz,SRR8615817_2.fastq.gz,auto
SRR8615818,SRR8615818_1.fastq.gz,SRR8615818_2.fastq.gz,auto
SRR8615819,SRR8615819_1.fastq.gz,SRR8615819_2.fastq.gz,auto
SRR8615820,SRR8615820_1.fastq.gz,SRR8615820_2.fastq.gz,auto
SRR8615821,SRR8615821_1.fastq.gz,SRR8615821_2.fastq.gz,auto
SRR8615822,SRR8615822_1.fastq.gz,SRR8615822_2.fastq.gz,auto
SRR8615823,SRR8615823_1.fastq.gz,SRR8615823_2.fastq.gz,auto
SRR8615824,SRR8615824_1.fastq.gz,SRR8615824_2.fastq.gz,auto
SRR8615825,SRR8615825_1.fastq.gz,SRR8615825_2.fastq.gz,auto
SRR8615826,SRR8615826_1.fastq.gz,SRR8615826_2.fastq.gz,auto
SRR8615827,SRR8615827_1.fastq.gz,SRR8615827_2.fastq.gz,auto
SRR8615828,SRR8615828_1.fastq.gz,SRR8615828_2.fastq.gz,auto
SRR8615829,SRR8615829_1.fastq.gz,SRR8615829_2.fastq.gz,auto
SRR8615830,SRR8615830_1.fastq.gz,SRR8615830_2.fastq.gz,auto
SRR8615831,SRR8615831_1.fastq.gz,SRR8615831_2.fastq.gz,auto
SRR8615832,SRR8615832_1.fastq.gz,SRR8615832_2.fastq.gz,auto
SRR8615833,SRR8615833_1.fastq.gz,SRR8615833_2.fastq.gz,auto
SRR8615834,SRR8615834_1.fastq.gz,SRR8615834_2.fastq.gz,auto
SRR8615835,SRR8615835_1.fastq.gz,SRR8615835_2.fastq.gz,auto
SRR8615836,SRR8615836_1.fastq.gz,SRR8615836_2.fastq.gz,auto
SRR8615837,SRR8615837_1.fastq.gz,SRR8615837_2.fastq.gz,auto
SRR8615838,SRR8615838_1.fastq.gz,SRR8615838_2.fastq.gz,auto
SRR8615839,SRR8615839_1.fastq.gz,SRR8615839_2.fastq.gz,auto
SRR8615840,SRR8615840_1.fastq.gz,SRR8615840_2.fastq.gz,auto
SRR8615841,SRR8615841_1.fastq.gz,SRR8615841_2.fastq.gz,auto
SRR8615842,SRR8615842_1.fastq.gz,SRR8615842_2.fastq.gz,auto
SRR8615843,SRR8615843_1.fastq.gz,SRR8615843_2.fastq.gz,auto
SRR8615844,SRR8615844_1.fastq.gz,SRR8615844_2.fastq.gz,auto
SRR8615845,SRR8615845_1.fastq.gz,SRR8615845_2.fastq.gz,auto
SRR8615846,SRR8615846_1.fastq.gz,SRR8615846_2.fastq.gz,auto
SRR8615847,SRR8615847_1.fastq.gz,SRR8615847_2.fastq.gz,auto
SRR8615848,SRR8615848_1.fastq.gz,SRR8615848_2.fastq.gz,auto
SRR8615849,SRR8615849_1.fastq.gz,SRR8615849_2.fastq.gz,auto
SRR8615850,SRR8615850_1.fastq.gz,SRR8615850_2.fastq.gz,auto
SRR8615851,SRR8615851_1.fastq.gz,SRR8615851_2.fastq.gz,auto
SRR8615852,SRR8615852_1.fastq.gz,SRR8615852_2.fastq.gz,auto
SRR8615853,SRR8615853_1.fastq.gz,SRR8615853_2.fastq.gz,auto
SRR8615854,SRR8615854_1.fastq.gz,SRR8615854_2.fastq.gz,auto
SRR8615855,SRR8615855_1.fastq.gz,SRR8615855_2.fastq.gz,auto
SRR8615856,SRR8615856_1.fastq.gz,SRR8615856_2.fastq.gz,auto
SRR8615857,SRR8615857_1.fastq.gz,SRR8615857_2.fastq.gz,auto
SRR8615858,SRR8615858_1.fastq.gz,SRR8615858_2.fastq.gz,auto
SRR8615859,SRR8615859_1.fastq.gz,SRR8615859_2.fastq.gz,auto
SRR8615860,SRR8615860_1.fastq.gz,SRR8615860_2.fastq.gz,auto
SRR8615861,SRR8615861_1.fastq.gz,SRR8615861_2.fastq.gz,auto
SRR8615862,SRR8615862_1.fastq.gz,SRR8615862_2.fastq.gz,auto
SRR8615863,SRR8615863_1.fastq.gz,SRR8615863_2.fastq.gz,auto
SRR8615864,SRR8615864_1.fastq.gz,SRR8615864_2.fastq.gz,auto
SRR8615865,SRR8615865_1.fastq.gz,SRR8615865_2.fastq.gz,auto
SRR8615866,SRR8615866_1.fastq.gz,SRR8615866_2.fastq.gz,auto
SRR8615867,SRR8615867_1.fastq.gz,SRR8615867_2.fastq.gz,auto
SRR8615868,SRR8615868_1.fastq.gz,SRR8615868_2.fastq.gz,auto
SRR8615869,SRR8615869_1.fastq.gz,SRR8615869_2.fastq.gz,auto
SRR8615870,SRR8615870_1.fastq.gz,SRR8615870_2.fastq.gz,auto
SRR8615871,SRR8615871_1.fastq.gz,SRR8615871_2.fastq.gz,auto
SRR8615872,SRR8615872_1.fastq.gz,SRR8615872_2.fastq.gz,auto
SRR8615873,SRR8615873_1.fastq.gz,SRR8615873_2.fastq.gz,auto
SRR8615874,SRR8615874_1.fastq.gz,SRR8615874_2.fastq.gz,auto
SRR8615875,SRR8615875_1.fastq.gz,SRR8615875_2.fastq.gz,auto
SRR8615876,SRR8615876_1.fastq.gz,SRR8615876_2.fastq.gz,auto
SRR8615877,SRR8615877_1.fastq.gz,SRR8615877_2.fastq.gz,auto
SRR8615878,SRR8615878_1.fastq.gz,SRR8615878_2.fastq.gz,auto
SRR8615879,SRR8615879_1.fastq.gz,SRR8615879_2.fastq.gz,auto
SRR8615880,SRR8615880_1.fastq.gz,SRR8615880_2.fastq.gz,auto
SRR8615881,SRR8615881_1.fastq.gz,SRR8615881_2.fastq.gz,auto
SRR8615882,SRR8615882_1.fastq.gz,SRR8615882_2.fastq.gz,auto
SRR8615883,SRR8615883_1.fastq.gz,SRR8615883_2.fastq.gz,auto
SRR8615884,SRR8615884_1.fastq.gz,SRR8615884_2.fastq.gz,auto
SRR8615885,SRR8615885_1.fastq.gz,SRR8615885_2.fastq.gz,auto
SRR8615886,SRR8615886_1.fastq.gz,SRR8615886_2.fastq.gz,auto
SRR8615887,SRR8615887_1.fastq.gz,SRR8615887_2.fastq.gz,auto
SRR8615888,SRR8615888_1.fastq.gz,SRR8615888_2.fastq.gz,auto
SRR8615889,SRR8615889_1.fastq.gz,SRR8615889_2.fastq.gz,auto
SRR8615890,SRR8615890_1.fastq.gz,SRR8615890_2.fastq.gz,auto
SRR8615891,SRR8615891_1.fastq.gz,SRR8615891_2.fastq.gz,auto
SRR8615892,SRR8615892_1.fastq.gz,SRR8615892_2.fastq.gz,auto
SRR8615893,SRR8615893_1.fastq.gz,SRR8615893_2.fastq.gz,auto
SRR8615894,SRR8615894_1.fastq.gz,SRR8615894_2.fastq.gz,auto
SRR8615895,SRR8615895_1.fastq.gz,SRR8615895_2.fastq.gz,auto
SRR8615896,SRR8615896_1.fastq.gz,SRR8615896_2.fastq.gz,auto
SRR8615897,SRR8615897_1.fastq.gz,SRR8615897_2.fastq.gz,auto
SRR8615898,SRR8615898_1.fastq.gz,SRR8615898_2.fastq.gz,auto
SRR8615899,SRR8615899_1.fastq.gz,SRR8615899_2.fastq.gz,auto
SRR8615900,SRR8615900_1.fastq.gz,SRR8615900_2.fastq.gz,auto
SRR8615901,SRR8615901_1.fastq.gz,SRR8615901_2.fastq.gz,auto
SRR8615902,SRR8615902_1.fastq.gz,SRR8615902_2.fastq.gz,auto
SRR8615903,SRR8615903_1.fastq.gz,SRR8615903_2.fastq.gz,auto
SRR8615904,SRR8615904_1.fastq.gz,SRR8615904_2.fastq.gz,auto
SRR8615905,SRR8615905_1.fastq.gz,SRR8615905_2.fastq.gz,auto
SRR8615906,SRR8615906_1.fastq.gz,SRR8615906_2.fastq.gz,auto
SRR8615907,SRR8615907_1.fastq.gz,SRR8615907_2.fastq.gz,auto
SRR8615908,SRR8615908_1.fastq.gz,SRR8615908_2.fastq.gz,auto
SRR8615909,SRR8615909_1.fastq.gz,SRR8615909_2.fastq.gz,auto
SRR8615910,SRR8615910_1.fastq.gz,SRR8615910_2.fastq.gz,auto
SRR8615911,SRR8615911_1.fastq.gz,SRR8615911_2.fastq.gz,auto
SRR8615912,SRR8615912_1.fastq.gz,SRR8615912_2.fastq.gz,auto
SRR8615913,SRR8615913_1.fastq.gz,SRR8615913_2.fastq.gz,auto
SRR8615914,SRR8615914_1.fastq.gz,SRR8615914_2.fastq.gz,auto
SRR8615915,SRR8615915_1.fastq.gz,SRR8615915_2.fastq.gz,auto
SRR8615916,SRR8615916_1.fastq.gz,SRR8615916_2.fastq.gz,auto
SRR8615917,SRR8615917_1.fastq.gz,SRR8615917_2.fastq.gz,auto
SRR8615918,SRR8615918_1.fastq.gz,SRR8615918_2.fastq.gz,auto
SRR8615919,SRR8615919_1.fastq.gz,SRR8615919_2.fastq.gz,auto
SRR8615920,SRR8615920_1.fastq.gz,SRR8615920_2.fastq.gz,auto
SRR8615921,SRR8615921_1.fastq.gz,SRR8615921_2.fastq.gz,auto
SRR8615922,SRR8615922_1.fastq.gz,SRR8615922_2.fastq.gz,auto
SRR8615923,SRR8615923_1.fastq.gz,SRR8615923_2.fastq.gz,auto
SRR8615924,SRR8615924_1.fastq.gz,SRR8615924_2.fastq.gz,auto
SRR8615925,SRR8615925_1.fastq.gz,SRR8615925_2.fastq.gz,auto
SRR8615926,SRR8615926_1.fastq.gz,SRR8615926_2.fastq.gz,auto
SRR8615927,SRR8615927_1.fastq.gz,SRR8615927_2.fastq.gz,auto
SRR8615928,SRR8615928_1.fastq.gz,SRR8615928_2.fastq.gz,auto
SRR8615929,SRR8615929_1.fastq.gz,SRR8615929_2.fastq.gz,auto
SRR8615930,SRR8615930_1.fastq.gz,SRR8615930_2.fastq.gz,auto
SRR8615931,SRR8615931_1.fastq.gz,SRR8615931_2.fastq.gz,auto
SRR8615932,SRR8615932_1.fastq.gz,SRR8615932_2.fastq.gz,auto
SRR8615933,SRR8615933_1.fastq.gz,SRR8615933_2.fastq.gz,auto
SRR8615934,SRR8615934_1.fastq.gz,SRR8615934_2.fastq.gz,auto
SRR8615935,SRR8615935_1.fastq.gz,SRR8615935_2.fastq.gz,auto
SRR8615936,SRR8615936_1.fastq.gz,SRR8615936_2.fastq.gz,auto
SRR8615937,SRR8615937_1.fastq.gz,SRR8615937_2.fastq.gz,auto
SRR8615938,SRR8615938_1.fastq.gz,SRR8615938_2.fastq.gz,auto
SRR8615939,SRR8615939_1.fastq.gz,SRR8615939_2.fastq.gz,auto
SRR8615940,SRR8615940_1.fastq.gz,SRR8615940_2.fastq.gz,auto
SRR8615941,SRR8615941_1.fastq.gz,SRR8615941_2.fastq.gz,auto
SRR8615942,SRR8615942_1.fastq.gz,SRR8615942_2.fastq.gz,auto
SRR8615943,SRR8615943_1.fastq.gz,SRR8615943_2.fastq.gz,auto
SRR8615944,SRR8615944_1.fastq.gz,SRR8615944_2.fastq.gz,auto
SRR8615945,SRR8615945_1.fastq.gz,SRR8615945_2.fastq.gz,auto
SRR8615946,SRR8615946_1.fastq.gz,SRR8615946_2.fastq.gz,auto
SRR8615947,SRR8615947_1.fastq.gz,SRR8615947_2.fastq.gz,auto
SRR8615948,SRR8615948_1.fastq.gz,SRR8615948_2.fastq.gz,auto
SRR8615949,SRR8615949_1.fastq.gz,SRR8615949_2.fastq.gz,auto
SRR8615950,SRR8615950_1.fastq.gz,SRR8615950_2.fastq.gz,auto
SRR8615951,SRR8615951_1.fastq.gz,SRR8615951_2.fastq.gz,auto
SRR8615952,SRR8615952_1.fastq.gz,SRR8615952_2.fastq.gz,auto
SRR8615953,SRR8615953_1.fastq.gz,SRR8615953_2.fastq.gz,auto
SRR8615954,SRR8615954_1.fastq.gz,SRR8615954_2.fastq.gz,auto
SRR8615955,SRR8615955_1.fastq.gz,SRR8615955_2.fastq.gz,auto
SRR8615956,SRR8615956_1.fastq.gz,SRR8615956_2.fastq.gz,auto
SRR8615957,SRR8615957_1.fastq.gz,SRR8615957_2.fastq.gz,auto
SRR8615958,SRR8615958_1.fastq.gz,SRR8615958_2.fastq.gz,auto
SRR8615959,SRR8615959_1.fastq.gz,SRR8615959_2.fastq.gz,auto
SRR8615960,SRR8615960_1.fastq.gz,SRR8615960_2.fastq.gz,auto
SRR8615961,SRR8615961_1.fastq.gz,SRR8615961_2.fastq.gz,auto
SRR8615962,SRR8615962_1.fastq.gz,SRR8615962_2.fastq.gz,auto
SRR8615963,SRR8615963_1.fastq.gz,SRR8615963_2.fastq.gz,auto
SRR8615964,SRR8615964_1.fastq.gz,SRR8615964_2.fastq.gz,auto
SRR8615965,SRR8615965_1.fastq.gz,SRR8615965_2.fastq.gz,auto
SRR8615966,SRR8615966_1.fastq.gz,SRR8615966_2.fastq.gz,auto
SRR8615967,SRR8615967_1.fastq.gz,SRR8615967_2.fastq.gz,auto
SRR8615968,SRR8615968_1.fastq.gz,SRR8615968_2.fastq.gz,auto
SRR8615969,SRR8615969_1.fastq.gz,SRR8615969_2.fastq.gz,auto
SRR8615970,SRR8615970_1.fastq.gz,SRR8615970_2.fastq.gz,auto
SRR8615971,SRR8615971_1.fastq.gz,SRR8615971_2.fastq.gz,auto
SRR8615972,SRR8615972_1.fastq.gz,SRR8615972_2.fastq.gz,auto
SRR8615973,SRR8615973_1.fastq.gz,SRR8615973_2.fastq.gz,auto
SRR8615974,SRR8615974_1.fastq.gz,SRR8615974_2.fastq.gz,auto
SRR8615975,SRR8615975_1.fastq.gz,SRR8615975_2.fastq.gz,auto
SRR8615976,SRR8615976_1.fastq.gz,SRR8615976_2.fastq.gz,auto
SRR8615977,SRR8615977_1.fastq.gz,SRR8615977_2.fastq.gz,auto
SRR8615978,SRR8615978_1.fastq.gz,SRR8615978_2.fastq.gz,auto
SRR8615979,SRR8615979_1.fastq.gz,SRR8615979_2.fastq.gz,auto
SRR8615980,SRR8615980_1.fastq.gz,SRR8615980_2.fastq.gz,auto
SRR8615981,SRR8615981_1.fastq.gz,SRR8615981_2.fastq.gz,auto
SRR8615982,SRR8615982_1.fastq.gz,SRR8615982_2.fastq.gz,auto
SRR8615983,SRR8615983_1.fastq.gz,SRR8615983_2.fastq.gz,auto
SRR8615984,SRR8615984_1.fastq.gz,SRR8615984_2.fastq.gz,auto
SRR8615985,SRR8615985_1.fastq.gz,SRR8615985_2.fastq.gz,auto
SRR8615986,SRR8615986_1.fastq.gz,SRR8615986_2.fastq.gz,auto
SRR8615987,SRR8615987_1.fastq.gz,SRR8615987_2.fastq.gz,auto
SRR8615988,SRR8615988_1.fastq.gz,SRR8615988_2.fastq.gz,auto
SRR8615989,SRR8615989_1.fastq.gz,SRR8615989_2.fastq.gz,auto
SRR8615990,SRR8615990_1.fastq.gz,SRR8615990_2.fastq.gz,auto
SRR8615991,SRR8615991_1.fastq.gz,SRR8615991_2.fastq.gz,auto
SRR8615992,SRR8615992_1.fastq.gz,SRR8615992_2.fastq.gz,auto
SRR8615993,SRR8615993_1.fastq.gz,SRR8615993_2.fastq.gz,auto
SRR8615994,SRR8615994_1.fastq.gz,SRR8615994_2.fastq.gz,auto
SRR8615995,SRR8615995_1.fastq.gz,SRR8615995_2.fastq.gz,auto
SRR8615996,SRR8615996_1.fastq.gz,SRR8615996_2.fastq.gz,auto
SRR8615997,SRR8615997_1.fastq.gz,SRR8615997_2.fastq.gz,auto
SRR8615998,SRR8615998_1.fastq.gz,SRR8615998_2.fastq.gz,auto
SRR8615999,SRR8615999_1.fastq.gz,SRR8615999_2.fastq.gz,auto
SRR8616000,SRR8616000_1.fastq.gz,SRR8616000_2.fastq.gz,auto
SRR8616001,SRR8616001_1.fastq.gz,SRR8616001_2.fastq.gz,auto
SRR8616002,SRR8616002_1.fastq.gz,SRR8616002_2.fastq.gz,auto
SRR8616003,SRR8616003_1.fastq.gz,SRR8616003_2.fastq.gz,auto
SRR8616004,SRR8616004_1.fastq.gz,SRR8616004_2.fastq.gz,auto
SRR8616005,SRR8616005_1.fastq.gz,SRR8616005_2.fastq.gz,auto
SRR8616006,SRR8616006_1.fastq.gz,SRR8616006_2.fastq.gz,auto
SRR8616007,SRR8616007_1.fastq.gz,SRR8616007_2.fastq.gz,auto
SRR8616008,SRR8616008_1.fastq.gz,SRR8616008_2.fastq.gz,auto
SRR8616009,SRR8616009_1.fastq.gz,SRR8616009_2.fastq.gz,auto
SRR8616010,SRR8616010_1.fastq.gz,SRR8616010_2.fastq.gz,auto
SRR8616011,SRR8616011_1.fastq.gz,SRR8616011_2.fastq.gz,auto
SRR8616012,SRR8616012_1.fastq.gz,SRR8616012_2.fastq.gz,auto
SRR8616013,SRR8616013_1.fastq.gz,SRR8616013_2.fastq.gz,auto
SRR8616014,SRR8616014_1.fastq.gz,SRR8616014_2.fastq.gz,auto
SRR8616015,SRR8616015_1.fastq.gz,SRR8616015_2.fastq.gz,auto
SRR8616016,SRR8616016_1.fastq.gz,SRR8616016_2.fastq.gz,auto
SRR8616017,SRR8616017_1.fastq.gz,SRR8616017_2.fastq.gz,auto
SRR8616018,SRR8616018_1.fastq.gz,SRR8616018_2.fastq.gz,auto
SRR8616019,SRR8616019_1.fastq.gz,SRR8616019_2.fastq.gz,auto
SRR8616020,SRR8616020_1.fastq.gz,SRR8616020_2.fastq.gz,auto
SRR8616021,SRR8616021_1.fastq.gz,SRR8616021_2.fastq.gz,auto
SRR8616022,SRR8616022_1.fastq.gz,SRR8616022_2.fastq.gz,auto
SRR8616023,SRR8616023_1.fastq.gz,SRR8616023_2.fastq.gz,auto
SRR8616024,SRR8616024_1.fastq.gz,SRR8616024_2.fastq.gz,auto
SRR8616025,SRR8616025_1.fastq.gz,SRR8616025_2.fastq.gz,auto
SRR8616026,SRR8616026_1.fastq.gz,SRR8616026_2.fastq.gz,auto
SRR8616027,SRR8616027_1.fastq.gz,SRR8616027_2.fastq.gz,auto
SRR8616028,SRR8616028_1.fastq.gz,SRR8616028_2.fastq.gz,auto
SRR8616029,SRR8616029_1.fastq.gz,SRR8616029_2.fastq.gz,auto
SRR8616030,SRR8616030_1.fastq.gz,SRR8616030_2.fastq.gz,auto
SRR8616031,SRR8616031_1.fastq.gz,SRR8616031_2.fastq.gz,auto
SRR8616032,SRR8616032_1.fastq.gz,SRR8616032_2.fastq.gz,auto
SRR8616033,SRR8616033_1.fastq.gz,SRR8616033_2.fastq.gz,auto
SRR8616034,SRR8616034_1.fastq.gz,SRR8616034_2.fastq.gz,auto
SRR8616035,SRR8616035_1.fastq.gz,SRR8616035_2.fastq.gz,auto
SRR8616036,SRR8616036_1.fastq.gz,SRR8616036_2.fastq.gz,auto
SRR8616037,SRR8616037_1.fastq.gz,SRR8616037_2.fastq.gz,auto
SRR8616038,SRR8616038_1.fastq.gz,SRR8616038_2.fastq.gz,auto
SRR8616039,SRR8616039_1.fastq.gz,SRR8616039_2.fastq.gz,auto
SRR8616040,SRR8616040_1.fastq.gz,SRR8616040_2.fastq.gz,auto
SRR8616041,SRR8616041_1.fastq.gz,SRR8616041_2.fastq.gz,auto
SRR8616042,SRR8616042_1.fastq.gz,SRR8616042_2.fastq.gz,auto
SRR8616043,SRR8616043_1.fastq.gz,SRR8616043_2.fastq.gz,auto
SRR8616044,SRR8616044_1.fastq.gz,SRR8616044_2.fastq.gz,auto
SRR8616045,SRR8616045_1.fastq.gz,SRR8616045_2.fastq.gz,auto
SRR8616046,SRR8616046_1.fastq.gz,SRR8616046_2.fastq.gz,auto
SRR8616047,SRR8616047_1.fastq.gz,SRR8616047_2.fastq.gz,auto
SRR8616048,SRR8616048_1.fastq.gz,SRR8616048_2.fastq.gz,auto
SRR8616049,SRR8616049_1.fastq.gz,SRR8616049_2.fastq.gz,auto
SRR8616050,SRR8616050_1.fastq.gz,SRR8616050_2.fastq.gz,auto
SRR8616051,SRR8616051_1.fastq.gz,SRR8616051_2.fastq.gz,auto
SRR8616052,SRR8616052_1.fastq.gz,SRR8616052_2.fastq.gz,auto
SRR8616053,SRR8616053_1.fastq.gz,SRR8616053_2.fastq.gz,auto
SRR8616054,SRR8616054_1.fastq.gz,SRR8616054_2.fastq.gz,auto
SRR8616055,SRR8616055_1.fastq.gz,SRR8616055_2.fastq.gz,auto
SRR8616056,SRR8616056_1.fastq.gz,SRR8616056_2.fastq.gz,auto
SRR8616057,SRR8616057_1.fastq.gz,SRR8616057_2.fastq.gz,auto
SRR8616058,SRR8616058_1.fastq.gz,SRR8616058_2.fastq.gz,auto
SRR8616059,SRR8616059_1.fastq.gz,SRR8616059_2.fastq.gz,auto
SRR8616060,SRR8616060_1.fastq.gz,SRR8616060_2.fastq.gz,auto
SRR8616061,SRR8616061_1.fastq.gz,SRR8616061_2.fastq.gz,auto
SRR8616062,SRR8616062_1.fastq.gz,SRR8616062_2.fastq.gz,auto
SRR8616063,SRR8616063_1.fastq.gz,SRR8616063_2.fastq.gz,auto
SRR8616064,SRR8616064_1.fastq.gz,SRR8616064_2.fastq.gz,auto
SRR8616065,SRR8616065_1.fastq.gz,SRR8616065_2.fastq.gz,auto
SRR8616066,SRR8616066_1.fastq.gz,SRR8616066_2.fastq.gz,auto
SRR8616067,SRR8616067_1.fastq.gz,SRR8616067_2.fastq.gz,auto
SRR8616068,SRR8616068_1.fastq.gz,SRR8616068_2.fastq.gz,auto
SRR8616069,SRR8616069_1.fastq.gz,SRR8616069_2.fastq.gz,auto
SRR8616070,SRR8616070_1.fastq.gz,SRR8616070_2.fastq.gz,auto
SRR8616071,SRR8616071_1.fastq.gz,SRR8616071_2.fastq.gz,auto
SRR8616072,SRR8616072_1.fastq.gz,SRR8616072_2.fastq.gz,auto
SRR8616073,SRR8616073_1.fastq.gz,SRR8616073_2.fastq.gz,auto
SRR8616074,SRR8616074_1.fastq.gz,SRR8616074_2.fastq.gz,auto
SRR8616075,SRR8616075_1.fastq.gz,SRR8616075_2.fastq.gz,auto
SRR8616076,SRR8616076_1.fastq.gz,SRR8616076_2.fastq.gz,auto
SRR8616077,SRR8616077_1.fastq.gz,SRR8616077_2.fastq.gz,auto
SRR8616078,SRR8616078_1.fastq.gz,SRR8616078_2.fastq.gz,auto
SRR8616079,SRR8616079_1.fastq.gz,SRR8616079_2.fastq.gz,auto
SRR8616080,SRR8616080_1.fastq.gz,SRR8616080_2.fastq.gz,auto
SRR8616081,SRR8616081_1.fastq.gz,SRR8616081_2.fastq.gz,auto
SRR8616082,SRR8616082_1.fastq.gz,SRR8616082_2.fastq.gz,auto
SRR8616083,SRR8616083_1.fastq.gz,SRR8616083_2.fastq.gz,auto
SRR8616084,SRR8616084_1.fastq.gz,SRR8616084_2.fastq.gz,auto
SRR8616085,SRR8616085_1.fastq.gz,SRR8616085_2.fastq.gz,auto
SRR8616086,SRR8616086_1.fastq.gz,SRR8616086_2.fastq.gz,auto
SRR8616087,SRR8616087_1.fastq.gz,SRR8616087_2.fastq.gz,auto
SRR8616088,SRR8616088_1.fastq.gz,SRR8616088_2.fastq.gz,auto
SRR8616089,SRR8616089_1.fastq.gz,SRR8616089_2.fastq.gz,auto
SRR8616090,SRR8616090_1.fastq.gz,SRR8616090_2.fastq.gz,auto
SRR8616091,SRR8616091_1.fastq.gz,SRR8616091_2.fastq.gz,auto
SRR8616092,SRR8616092_1.fastq.gz,SRR8616092_2.fastq.gz,auto
SRR8616093,SRR8616093_1.fastq.gz,SRR8616093_2.fastq.gz,auto
SRR8616094,SRR8616094_1.fastq.gz,SRR8616094_2.fastq.gz,auto
SRR8616095,SRR8616095_1.fastq.gz,SRR8616095_2.fastq.gz,auto
SRR8616096,SRR8616096_1.fastq.gz,SRR8616096_2.fastq.gz,auto
SRR8616097,SRR8616097_1.fastq.gz,SRR8616097_2.fastq.gz,auto
SRR8616098,SRR8616098_1.fastq.gz,SRR8616098_2.fastq.gz,auto
SRR8616099,SRR8616099_1.fastq.gz,SRR8616099_2.fastq.gz,auto
SRR8616100,SRR8616100_1.fastq.gz,SRR8616100_2.fastq.gz,auto
SRR8616101,SRR8616101_1.fastq.gz,SRR8616101_2.fastq.gz,auto
SRR8616102,SRR8616102_1.fastq.gz,SRR8616102_2.fastq.gz,auto
SRR8616103,SRR8616103_1.fastq.gz,SRR8616103_2.fastq.gz,auto
SRR8616104,SRR8616104_1.fastq.gz,SRR8616104_2.fastq.gz,auto
SRR8616105,SRR8616105_1.fastq.gz,SRR8616105_2.fastq.gz,auto
SRR8616106,SRR8616106_1.fastq.gz,SRR8616106_2.fastq.gz,auto
SRR8616107,SRR8616107_1.fastq.gz,SRR8616107_2.fastq.gz,auto
SRR8616108,SRR8616108_1.fastq.gz,SRR8616108_2.fastq.gz,auto
SRR8616109,SRR8616109_1.fastq.gz,SRR8616109_2.fastq.gz,auto
SRR8616110,SRR8616110_1.fastq.gz,SRR8616110_2.fastq.gz,auto
SRR8616111,SRR8616111_1.fastq.gz,SRR8616111_2.fastq.gz,auto
SRR8616112,SRR8616112_1.fastq.gz,SRR8616112_2.fastq.gz,auto
SRR8616113,SRR8616113_1.fastq.gz,SRR8616113_2.fastq.gz,auto
SRR8616114,SRR8616114_1.fastq.gz,SRR8616114_2.fastq.gz,auto
SRR8616115,SRR8616115_1.fastq.gz,SRR8616115_2.fastq.gz,auto
SRR8616116,SRR8616116_1.fastq.gz,SRR8616116_2.fastq.gz,auto
SRR8616117,SRR8616117_1.fastq.gz,SRR8616117_2.fastq.gz,auto
SRR8616118,SRR8616118_1.fastq.gz,SRR8616118_2.fastq.gz,auto
SRR8616119,SRR8616119_1.fastq.gz,SRR8616119_2.fastq.gz,auto
SRR8616120,SRR8616120_1.fastq.gz,SRR8616120_2.fastq.gz,auto
SRR8616121,SRR8616121_1.fastq.gz,SRR8616121_2.fastq.gz,auto
SRR8616122,SRR8616122_1.fastq.gz,SRR8616122_2.fastq.gz,auto
SRR8616123,SRR8616123_1.fastq.gz,SRR8616123_2.fastq.gz,auto
SRR8616124,SRR8616124_1.fastq.gz,SRR8616124_2.fastq.gz,auto
SRR8616125,SRR8616125_1.fastq.gz,SRR8616125_2.fastq.gz,auto
SRR8616126,SRR8616126_1.fastq.gz,SRR8616126_2.fastq.gz,auto
SRR8616127,SRR8616127_1.fastq.gz,SRR8616127_2.fastq.gz,auto
SRR8616128,SRR8616128_1.fastq.gz,SRR8616128_2.fastq.gz,auto
SRR8616129,SRR8616129_1.fastq.gz,SRR8616129_2.fastq.gz,auto
SRR8616130,SRR8616130_1.fastq.gz,SRR8616130_2.fastq.gz,auto
SRR8616131,SRR8616131_1.fastq.gz,SRR8616131_2.fastq.gz,auto
SRR8616132,SRR8616132_1.fastq.gz,SRR8616132_2.fastq.gz,auto
SRR8616133,SRR8616133_1.fastq.gz,SRR8616133_2.fastq.gz,auto
SRR8616134,SRR8616134_1.fastq.gz,SRR8616134_2.fastq.gz,auto
SRR8616135,SRR8616135_1.fastq.gz,SRR8616135_2.fastq.gz,auto
SRR8616136,SRR8616136_1.fastq.gz,SRR8616136_2.fastq.gz,auto
SRR8616137,SRR8616137_1.fastq.gz,SRR8616137_2.fastq.gz,auto
SRR8616138,SRR8616138_1.fastq.gz,SRR8616138_2.fastq.gz,auto
SRR8616139,SRR8616139_1.fastq.gz,SRR8616139_2.fastq.gz,auto
SRR8616140,SRR8616140_1.fastq.gz,SRR8616140_2.fastq.gz,auto
SRR8616141,SRR8616141_1.fastq.gz,SRR8616141_2.fastq.gz,auto
SRR8616142,SRR8616142_1.fastq.gz,SRR8616142_2.fastq.gz,auto
SRR8616143,SRR8616143_1.fastq.gz,SRR8616143_2.fastq.gz,auto
SRR8616144,SRR8616144_1.fastq.gz,SRR8616144_2.fastq.gz,auto
SRR8616145,SRR8616145_1.fastq.gz,SRR8616145_2.fastq.gz,auto
SRR8616146,SRR8616146_1.fastq.gz,SRR8616146_2.fastq.gz,auto
SRR8616147,SRR8616147_1.fastq.gz,SRR8616147_2.fastq.gz,auto
SRR8616148,SRR8616148_1.fastq.gz,SRR8616148_2.fastq.gz,auto
SRR8616149,SRR8616149_1.fastq.gz,SRR8616149_2.fastq.gz,auto
SRR8616150,SRR8616150_1.fastq.gz,SRR8616150_2.fastq.gz,auto
SRR8616151,SRR8616151_1.fastq.gz,SRR8616151_2.fastq.gz,auto
SRR8616152,SRR8616152_1.fastq.gz,SRR8616152_2.fastq.gz,auto
SRR8616153,SRR8616153_1.fastq.gz,SRR8616153_2.fastq.gz,auto
SRR8616154,SRR8616154_1.fastq.gz,SRR8616154_2.fastq.gz,auto
SRR8616155,SRR8616155_1.fastq.gz,SRR8616155_2.fastq.gz,auto
SRR8616156,SRR8616156_1.fastq.gz,SRR8616156_2.fastq.gz,auto
SRR8616157,SRR8616157_1.fastq.gz,SRR8616157_2.fastq.gz,auto
SRR8616158,SRR8616158_1.fastq.gz,SRR8616158_2.fastq.gz,auto
SRR8616159,SRR8616159_1.fastq.gz,SRR8616159_2.fastq.gz,auto
SRR8616160,SRR8616160_1.fastq.gz,SRR8616160_2.fastq.gz,auto
SRR8616161,SRR8616161_1.fastq.gz,SRR8616161_2.fastq.gz,auto
SRR8616162,SRR8616162_1.fastq.gz,SRR8616162_2.fastq.gz,auto
SRR8616163,SRR8616163_1.fastq.gz,SRR8616163_2.fastq.gz,auto
SRR8616164,SRR8616164_1.fastq.gz,SRR8616164_2.fastq.gz,auto
SRR8616165,SRR8616165_1.fastq.gz,SRR8616165_2.fastq.gz,auto
SRR8616166,SRR8616166_1.fastq.gz,SRR8616166_2.fastq.gz,auto
SRR8616167,SRR8616167_1.fastq.gz,SRR8616167_2.fastq.gz,auto
SRR8616168,SRR8616168_1.fastq.gz,SRR8616168_2.fastq.gz,auto
SRR8616169,SRR8616169_1.fastq.gz,SRR8616169_2.fastq.gz,auto
SRR8616170,SRR8616170_1.fastq.gz,SRR8616170_2.fastq.gz,auto
SRR8616171,SRR8616171_1.fastq.gz,SRR8616171_2.fastq.gz,auto
SRR8616172,SRR8616172_1.fastq.gz,SRR8616172_2.fastq.gz,auto
SRR8616173,SRR8616173_1.fastq.gz,SRR8616173_2.fastq.gz,auto
SRR8616174,SRR8616174_1.fastq.gz,SRR8616174_2.fastq.gz,auto
SRR8616175,SRR8616175_1.fastq.gz,SRR8616175_2.fastq.gz,auto
SRR8616176,SRR8616176_1.fastq.gz,SRR8616176_2.fastq.gz,auto
SRR8616177,SRR8616177_1.fastq.gz,SRR8616177_2.fastq.gz,auto
SRR8616178,SRR8616178_1.fastq.gz,SRR8616178_2.fastq.gz,auto
SRR8616179,SRR8616179_1.fastq.gz,SRR8616179_2.fastq.gz,auto
SRR8616180,SRR8616180_1.fastq.gz,SRR8616180_2.fastq.gz,auto
SRR8616181,SRR8616181_1.fastq.gz,SRR8616181_2.fastq.gz,auto
SRR8616182,SRR8616182_1.fastq.gz,SRR8616182_2.fastq.gz,auto
SRR8616183,SRR8616183_1.fastq.gz,SRR8616183_2.fastq.gz,auto
SRR8616184,SRR8616184_1.fastq.gz,SRR8616184_2.fastq.gz,auto
SRR8616185,SRR8616185_1.fastq.gz,SRR8616185_2.fastq.gz,auto
SRR8616186,SRR8616186_1.fastq.gz,SRR8616186_2.fastq.gz,auto
SRR8616187,SRR8616187_1.fastq.gz,SRR8616187_2.fastq.gz,auto
SRR8616188,SRR8616188_1.fastq.gz,SRR8616188_2.fastq.gz,auto
SRR8616189,SRR8616189_1.fastq.gz,SRR8616189_2.fastq.gz,auto
SRR8616190,SRR8616190_1.fastq.gz,SRR8616190_2.fastq.gz,auto
SRR8616191,SRR8616191_1.fastq.gz,SRR8616191_2.fastq.gz,auto
SRR8616192,SRR8616192_1.fastq.gz,SRR8616192_2.fastq.gz,auto
SRR8616193,SRR8616193_1.fastq.gz,SRR8616193_2.fastq.gz,auto
SRR8616194,SRR8616194_1.fastq.gz,SRR8616194_2.fastq.gz,auto
SRR8616195,SRR8616195_1.fastq.gz,SRR8616195_2.fastq.gz,auto
SRR8616196,SRR8616196_1.fastq.gz,SRR8616196_2.fastq.gz,auto
SRR8616197,SRR8616197_1.fastq.gz,SRR8616197_2.fastq.gz,auto
SRR8616198,SRR8616198_1.fastq.gz,SRR8616198_2.fastq.gz,auto
SRR8616199,SRR8616199_1.fastq.gz,SRR8616199_2.fastq.gz,auto
SRR8616200,SRR8616200_1.fastq.gz,SRR8616200_2.fastq.gz,auto
SRR8616201,SRR8616201_1.fastq.gz,SRR8616201_2.fastq.gz,auto
SRR8616202,SRR8616202_1.fastq.gz,SRR8616202_2.fastq.gz,auto
SRR8616203,SRR8616203_1.fastq.gz,SRR8616203_2.fastq.gz,auto
SRR8616204,SRR8616204_1.fastq.gz,SRR8616204_2.fastq.gz,auto
SRR8616205,SRR8616205_1.fastq.gz,SRR8616205_2.fastq.gz,auto
SRR8616206,SRR8616206_1.fastq.gz,SRR8616206_2.fastq.gz,auto
SRR8616207,SRR8616207_1.fastq.gz,SRR8616207_2.fastq.gz,auto
SRR8616208,SRR8616208_1.fastq.gz,SRR8616208_2.fastq.gz,auto
SRR8616209,SRR8616209_1.fastq.gz,SRR8616209_2.fastq.gz,auto
SRR8616210,SRR8616210_1.fastq.gz,SRR8616210_2.fastq.gz,auto
SRR8616211,SRR8616211_1.fastq.gz,SRR8616211_2.fastq.gz,auto
SRR8616212,SRR8616212_1.fastq.gz,SRR8616212_2.fastq.gz,auto
SRR8616213,SRR8616213_1.fastq.gz,SRR8616213_2.fastq.gz,auto
SRR8616214,SRR8616214_1.fastq.gz,SRR8616214_2.fastq.gz,auto
SRR8616215,SRR8616215_1.fastq.gz,SRR8616215_2.fastq.gz,auto
SRR8616216,SRR8616216_1.fastq.gz,SRR8616216_2.fastq.gz,auto
SRR8616217,SRR8616217_1.fastq.gz,SRR8616217_2.fastq.gz,auto
SRR8616218,SRR8616218_1.fastq.gz,SRR8616218_2.fastq.gz,auto
SRR8616219,SRR8616219_1.fastq.gz,SRR8616219_2.fastq.gz,auto
SRR8616220,SRR8616220_1.fastq.gz,SRR8616220_2.fastq.gz,auto
SRR8618300,SRR8618300_1.fastq.gz,SRR8618300_2.fastq.gz,auto
SRR8618301,SRR8618301_1.fastq.gz,SRR8618301_2.fastq.gz,auto
SRR8618302,SRR8618302_1.fastq.gz,SRR8618302_2.fastq.gz,auto
SRR8618303,SRR8618303_1.fastq.gz,SRR8618303_2.fastq.gz,auto
SRR8618304,SRR8618304_1.fastq.gz,SRR8618304_2.fastq.gz,auto
SRR8618305,SRR8618305_1.fastq.gz,SRR8618305_2.fastq.gz,auto
SRR8618306,SRR8618306_1.fastq.gz,SRR8618306_2.fastq.gz,auto
SRR8618307,SRR8618307_1.fastq.gz,SRR8618307_2.fastq.gz,auto
SRR8618308,SRR8618308_1.fastq.gz,SRR8618308_2.fastq.gz,auto
SRR8618309,SRR8618309_1.fastq.gz,SRR8618309_2.fastq.gz,auto
SRR8618310,SRR8618310_1.fastq.gz,SRR8618310_2.fastq.gz,auto
SRR8618311,SRR8618311_1.fastq.gz,SRR8618311_2.fastq.gz,auto
SRR8618312,SRR8618312_1.fastq.gz,SRR8618312_2.fastq.gz,auto
SRR8618313,SRR8618313_1.fastq.gz,SRR8618313_2.fastq.gz,auto
SRR8618314,SRR8618314_1.fastq.gz,SRR8618314_2.fastq.gz,auto
SRR8618315,SRR8618315_1.fastq.gz,SRR8618315_2.fastq.gz,auto
SRR8618316,SRR8618316_1.fastq.gz,SRR8618316_2.fastq.gz,auto
SRR8618317,SRR8618317_1.fastq.gz,SRR8618317_2.fastq.gz,auto
SRR8618318,SRR8618318_1.fastq.gz,SRR8618318_2.fastq.gz,auto
SRR8618319,SRR8618319_1.fastq.gz,SRR8618319_2.fastq.gz,auto
